transaction_id,account_id,transaction_date,amount,transaction_type,merchant_country
TXN000001,ACC0001,2024-12-22,3398.92,CREDIT,UAE
TXN000002,ACC0001,2023-07-26,4204.12,DEBIT,Bangladesh
TXN000003,ACC0001,2024-08-06,144.56,CREDIT,Bangladesh
TXN000004,ACC0001,2024-09-06,3318.37,DEBIT,UAE
TXN000005,ACC0001,2024-04-20,687.14,CREDIT,USA
TXN000006,ACC0001,2023-03-30,1308.18,CREDIT,USA
TXN000007,ACC0001,2024-05-17,1640.96,CREDIT,England
TXN000008,ACC0001,2024-04-13,1268.83,DEBIT,India
TXN000009,ACC0001,2023-02-26,3747.63,DEBIT,England
TXN000010,ACC0001,2023-09-24,3254.22,DEBIT,Singapore
TXN000011,ACC0001,2023-03-10,4748.56,DEBIT,Singapore
TXN000012,ACC0001,2023-02-27,3110.46,DEBIT,USA
TXN000013,ACC0001,2024-06-05,3350.6,DEBIT,India
TXN000014,ACC0001,2023-10-27,3836.82,DEBIT,Bangladesh
TXN000015,ACC0001,2024-10-20,4819.04,DEBIT,Singapore
TXN000016,ACC0002,2022-06-10,549.41,DEBIT,England
TXN000017,ACC0002,2023-03-08,3389.96,CREDIT,India
TXN000018,ACC0002,2022-02-15,389.22,DEBIT,Canada
TXN000019,ACC0002,2022-05-31,4252.96,DEBIT,Singapore
TXN000020,ACC0002,2023-02-26,3915.35,CREDIT,Bangladesh
TXN000021,ACC0002,2022-10-08,3310.99,DEBIT,Bangladesh
TXN000022,ACC0002,2023-05-21,1712.74,CREDIT,Singapore
TXN000023,ACC0002,2022-12-10,536.64,CREDIT,UAE
TXN000024,ACC0002,2022-11-09,3539.47,CREDIT,USA
TXN000025,ACC0002,2023-01-12,4827.71,CREDIT,Bangladesh
TXN000026,ACC0003,2022-12-24,2329.72,CREDIT,England
TXN000027,ACC0003,2022-04-24,4155.35,DEBIT,England
TXN000028,ACC0003,2022-11-20,1226.88,CREDIT,Bangladesh
TXN000029,ACC0003,2023-05-02,3344.26,CREDIT,Canada
TXN000030,ACC0003,2023-01-04,4256.25,DEBIT,India
TXN000031,ACC0003,2022-03-21,1780.58,CREDIT,England
TXN000032,ACC0003,2022-05-29,4402.8,CREDIT,Bangladesh
TXN000033,ACC0003,2021-08-26,2587.97,DEBIT,Canada
TXN000034,ACC0003,2022-04-20,3603.17,CREDIT,Bangladesh
TXN000035,ACC0003,2022-04-19,3456.14,CREDIT,India
TXN000036,ACC0003,2021-09-02,474.34,DEBIT,India
TXN000037,ACC0003,2022-04-22,1537.97,CREDIT,India
TXN000038,ACC0003,2023-03-05,2659.3,CREDIT,UAE
TXN000039,ACC0003,2023-03-02,1660.65,CREDIT,England
TXN000040,ACC0003,2022-06-25,1264.5,DEBIT,UAE
TXN000041,ACC0003,2022-03-01,1584.58,DEBIT,USA
TXN000042,ACC0003,2022-03-25,3695.64,CREDIT,UAE
TXN000043,ACC0003,2023-04-11,17930.65,CREDIT,Canada
TXN000044,ACC0003,2022-03-02,1488.27,CREDIT,USA
TXN000045,ACC0003,2022-06-21,80.6,DEBIT,England
TXN000046,ACC0003,2021-10-01,4871.73,CREDIT,UAE
TXN000047,ACC0003,2021-12-23,3192.97,CREDIT,Canada
TXN000048,ACC0004,2022-11-24,38050.45,CREDIT,India
TXN000049,ACC0004,2022-03-30,929.97,DEBIT,England
TXN000050,ACC0004,2022-08-18,579.29,DEBIT,India
TXN000051,ACC0004,2022-09-01,379.67,DEBIT,USA
TXN000052,ACC0004,2021-09-15,4057.6,CREDIT,Canada
TXN000053,ACC0005,2021-07-23,2794.78,CREDIT,Bangladesh
TXN000054,ACC0005,2022-11-24,3955.8,DEBIT,Singapore
TXN000055,ACC0005,2022-09-10,1908.09,CREDIT,England
TXN000056,ACC0005,2022-11-16,4950.26,CREDIT,Bangladesh
TXN000057,ACC0005,2022-12-19,310.55,DEBIT,Singapore
TXN000058,ACC0005,2021-10-22,3131.32,CREDIT,UAE
TXN000059,ACC0005,2021-06-15,793.71,DEBIT,Bangladesh
TXN000060,ACC0005,2021-06-08,791.1,CREDIT,India
TXN000061,ACC0005,2022-11-22,2354.86,DEBIT,USA
TXN000062,ACC0005,2022-01-13,3537.71,CREDIT,Canada
TXN000063,ACC0005,2021-11-18,4620.32,DEBIT,India
TXN000064,ACC0005,2021-07-19,2727.37,DEBIT,England
TXN000065,ACC0006,2022-11-06,307.59,CREDIT,Bangladesh
TXN000066,ACC0006,2024-03-29,4606.75,CREDIT,Canada
TXN000067,ACC0006,2023-12-17,3446.5,CREDIT,England
TXN000068,ACC0006,2024-01-19,2704.51,CREDIT,Canada
TXN000069,ACC0006,2024-04-28,208.91,CREDIT,UAE
TXN000070,ACC0006,2023-07-21,3022.53,DEBIT,Canada
TXN000071,ACC0006,2023-04-16,4809.94,DEBIT,Singapore
TXN000072,ACC0006,2024-07-13,4108.89,DEBIT,Singapore
TXN000073,ACC0006,2023-02-20,2357.8,CREDIT,England
TXN000074,ACC0007,2023-05-05,2185.07,CREDIT,Canada
TXN000075,ACC0007,2023-01-07,1746.33,CREDIT,England
TXN000076,ACC0007,2023-07-31,531.95,DEBIT,England
TXN000077,ACC0007,2022-11-08,3471.43,CREDIT,UAE
TXN000078,ACC0007,2022-10-28,4069.69,DEBIT,India
TXN000079,ACC0007,2021-12-12,1579.44,CREDIT,Canada
TXN000080,ACC0007,2022-10-31,4325.9,DEBIT,UAE
TXN000081,ACC0007,2023-03-22,2315.26,DEBIT,USA
TXN000082,ACC0007,2023-02-25,1815.28,CREDIT,UAE
TXN000083,ACC0007,2022-12-09,3802.35,DEBIT,England
TXN000084,ACC0008,2021-12-10,4639.09,CREDIT,UAE
TXN000085,ACC0008,2022-12-07,615.92,DEBIT,UAE
TXN000086,ACC0008,2022-01-07,1560.64,DEBIT,Bangladesh
TXN000087,ACC0008,2022-09-19,475.11,DEBIT,India
TXN000088,ACC0008,2021-11-26,3242.07,DEBIT,India
TXN000089,ACC0008,2022-05-23,2549.27,CREDIT,India
TXN000090,ACC0008,2022-12-05,4901.42,DEBIT,India
TXN000091,ACC0008,2023-02-13,731.76,DEBIT,Bangladesh
TXN000092,ACC0008,2022-12-31,3734.0,DEBIT,Singapore
TXN000093,ACC0008,2021-10-08,1388.47,CREDIT,England
TXN000094,ACC0008,2022-12-30,1343.19,DEBIT,England
TXN000095,ACC0008,2022-05-30,4189.0,CREDIT,Singapore
TXN000096,ACC0008,2021-12-28,2238.27,CREDIT,England
TXN000097,ACC0008,2022-07-04,2764.07,CREDIT,India
TXN000098,ACC0008,2022-06-23,4349.31,DEBIT,Bangladesh
TXN000099,ACC0008,2022-08-25,1175.48,CREDIT,Canada
TXN000100,ACC0008,2022-06-19,3726.08,CREDIT,India
TXN000101,ACC0008,2023-06-08,3964.04,DEBIT,India
TXN000102,ACC0008,2021-09-04,639.97,CREDIT,Singapore
TXN000103,ACC0008,2021-11-08,4372.21,CREDIT,Canada
TXN000104,ACC0008,2023-01-18,4553.1,DEBIT,UAE
TXN000105,ACC0008,2021-12-23,2055.79,DEBIT,Canada
TXN000106,ACC0009,2022-08-13,1699.42,CREDIT,UAE
TXN000107,ACC0009,2022-02-05,4260.31,CREDIT,England
TXN000108,ACC0009,2023-08-18,3596.4,CREDIT,Singapore
TXN000109,ACC0009,2023-05-23,189.14,DEBIT,USA
TXN000110,ACC0009,2023-08-23,3425.15,CREDIT,USA
TXN000111,ACC0009,2022-02-15,2175.52,DEBIT,Singapore
TXN000112,ACC0009,2023-08-25,3522.42,DEBIT,India
TXN000113,ACC0009,2022-05-04,3473.07,DEBIT,Canada
TXN000114,ACC0009,2022-10-13,3982.76,CREDIT,England
TXN000115,ACC0009,2022-12-03,2159.13,DEBIT,Bangladesh
TXN000116,ACC0009,2023-01-10,2833.98,DEBIT,USA
TXN000117,ACC0009,2022-05-13,404.05,CREDIT,Bangladesh
TXN000118,ACC0009,2023-10-15,1211.74,DEBIT,USA
TXN000119,ACC0009,2023-03-02,3193.14,CREDIT,England
TXN000120,ACC0009,2023-09-28,56.89,CREDIT,England
TXN000121,ACC0009,2023-10-09,2737.52,DEBIT,India
TXN000122,ACC0009,2022-11-03,4938.38,CREDIT,UAE
TXN000123,ACC0009,2023-01-23,3454.66,CREDIT,Singapore
TXN000124,ACC0009,2022-09-20,1004.09,CREDIT,Singapore
TXN000125,ACC0009,2023-03-24,542.2,CREDIT,Bangladesh
TXN000126,ACC0010,2024-12-11,1486.4,CREDIT,Canada
TXN000127,ACC0010,2025-03-07,1985.07,DEBIT,Bangladesh
TXN000128,ACC0010,2023-06-22,4553.98,CREDIT,Singapore
TXN000129,ACC0010,2024-02-20,3880.95,DEBIT,Bangladesh
TXN000130,ACC0010,2024-04-27,1102.83,DEBIT,Bangladesh
TXN000131,ACC0010,2024-01-14,3392.04,DEBIT,UAE
TXN000132,ACC0010,2023-08-10,4517.98,DEBIT,England
TXN000133,ACC0010,2024-07-27,176.49,CREDIT,UAE
TXN000134,ACC0010,2023-09-14,459.77,CREDIT,England
TXN000135,ACC0010,2024-07-01,886.44,DEBIT,Singapore
TXN000136,ACC0010,2024-11-05,4383.54,CREDIT,Bangladesh
TXN000137,ACC0010,2024-09-27,4568.3,DEBIT,England
TXN000138,ACC0010,2024-09-07,4837.25,CREDIT,UAE
TXN000139,ACC0010,2024-04-13,4023.12,CREDIT,Canada
TXN000140,ACC0010,2023-09-24,3773.22,DEBIT,Singapore
TXN000141,ACC0010,2025-03-25,3623.84,CREDIT,Singapore
TXN000142,ACC0011,2023-01-10,460.61,CREDIT,Canada
TXN000143,ACC0011,2022-09-28,2687.5,CREDIT,England
TXN000144,ACC0011,2023-11-20,3747.57,CREDIT,Bangladesh
TXN000145,ACC0011,2023-01-26,4113.86,CREDIT,Canada
TXN000146,ACC0011,2023-11-23,1176.77,DEBIT,Bangladesh
TXN000147,ACC0011,2023-07-29,1646.75,DEBIT,UAE
TXN000148,ACC0011,2022-03-06,3180.67,CREDIT,UAE
TXN000149,ACC0011,2022-11-06,3249.7,DEBIT,USA
TXN000150,ACC0011,2022-02-16,4731.85,CREDIT,India
TXN000151,ACC0011,2022-04-29,494.99,DEBIT,India
TXN000152,ACC0011,2023-04-10,1861.35,CREDIT,Bangladesh
TXN000153,ACC0011,2022-06-08,4428.21,DEBIT,Singapore
TXN000154,ACC0011,2023-05-17,3082.1,CREDIT,Canada
TXN000155,ACC0011,2023-01-15,1094.18,CREDIT,USA
TXN000156,ACC0011,2023-01-07,505.78,CREDIT,Bangladesh
TXN000157,ACC0011,2023-10-23,1799.78,CREDIT,England
TXN000158,ACC0011,2022-07-14,4841.35,CREDIT,Canada
TXN000159,ACC0011,2023-11-10,1068.41,DEBIT,Canada
TXN000160,ACC0011,2022-12-08,1225.41,DEBIT,Singapore
TXN000161,ACC0011,2023-08-02,1033.98,DEBIT,Bangladesh
TXN000162,ACC0011,2022-08-10,4067.13,DEBIT,England
TXN000163,ACC0011,2022-06-01,3945.33,DEBIT,England
TXN000164,ACC0012,2022-06-01,2705.68,DEBIT,Canada
TXN000165,ACC0012,2023-11-26,4333.57,DEBIT,Canada
TXN000166,ACC0012,2023-01-20,3952.02,DEBIT,Bangladesh
TXN000167,ACC0012,2022-12-16,88.75,CREDIT,Canada
TXN000168,ACC0012,2022-05-28,3711.17,DEBIT,UAE
TXN000169,ACC0012,2022-03-25,2386.47,CREDIT,Bangladesh
TXN000170,ACC0012,2023-09-18,554.18,DEBIT,Bangladesh
TXN000171,ACC0012,2022-03-04,3638.94,CREDIT,India
TXN000172,ACC0012,2023-11-08,4820.49,DEBIT,India
TXN000173,ACC0013,2023-03-05,3433.63,CREDIT,
TXN000174,ACC0013,2023-03-23,376.72,DEBIT,England
TXN000175,ACC0013,2023-09-07,750.19,DEBIT,England
TXN000176,ACC0013,2023-09-24,3169.05,CREDIT,India
TXN000177,ACC0013,2023-08-27,2657.48,CREDIT,Bangladesh
TXN000178,ACC0013,2023-09-04,2156.69,DEBIT,Singapore
TXN000179,ACC0013,2023-10-25,3258.07,DEBIT,India
TXN000180,ACC0013,2023-03-31,4441.57,CREDIT,England
TXN000181,ACC0013,2023-04-02,1999.66,DEBIT,England
TXN000182,ACC0013,2023-03-06,1569.49,CREDIT,England
TXN000183,ACC0013,2022-05-29,-1414.27,CREDIT,Canada
TXN000184,ACC0013,2022-03-27,4160.54,DEBIT,India
TXN000185,ACC0013,2022-04-01,3725.5,CREDIT,Singapore
TXN000186,ACC0013,2022-05-06,2786.29,CREDIT,UAE
TXN000187,ACC0013,2022-04-28,2059.94,CREDIT,Singapore
TXN000188,ACC0013,2022-02-14,4842.31,CREDIT,England
TXN000189,ACC0013,2022-04-09,2893.81,DEBIT,USA
TXN000190,ACC0014,2024-04-30,4237.9,CREDIT,Singapore
TXN000191,ACC0014,2025-04-05,1844.13,CREDIT,Bangladesh
TXN000192,ACC0014,2024-05-02,4038.03,DEBIT,Bangladesh
TXN000193,ACC0014,2025-07-18,4149.01,CREDIT,Canada
TXN000194,ACC0014,2024-03-16,1373.62,CREDIT,England
TXN000195,ACC0014,2024-09-07,40.47,DEBIT,Bangladesh
TXN000196,ACC0014,2025-07-18,2009.91,DEBIT,UAE
TXN000197,ACC0014,2025-06-23,4859.33,DEBIT,UAE
TXN000198,ACC0014,2025-03-10,1083.51,CREDIT,India
TXN000199,ACC0014,2024-08-28,795.47,CREDIT,UAE
TXN000200,ACC0014,2024-08-11,3886.41,DEBIT,Canada
TXN000201,ACC0014,2024-02-20,795.48,DEBIT,UAE
TXN000202,ACC0014,2023-12-06,1367.79,CREDIT,India
TXN000203,ACC0014,2025-05-27,2215.8,CREDIT,USA
TXN000204,ACC0014,2025-02-19,577.95,CREDIT,Canada
TXN000205,ACC0014,2024-06-30,3394.31,CREDIT,Bangladesh
TXN000206,ACC0014,2025-07-28,1549.01,DEBIT,India
TXN000207,ACC0014,2025-05-19,283.36,DEBIT,England
TXN000208,ACC0014,2024-04-17,3839.07,CREDIT,England
TXN000209,ACC0014,2024-08-14,608.72,CREDIT,UAE
TXN000210,ACC0015,2024-06-09,654.64,DEBIT,Bangladesh
TXN000211,ACC0015,2025-07-07,4168.44,CREDIT,Canada
TXN000212,ACC0015,2025-01-22,4310.2,DEBIT,India
TXN000213,ACC0015,2024-01-01,2304.17,DEBIT,Singapore
TXN000214,ACC0015,2024-10-28,2883.04,CREDIT,UAE
TXN000215,ACC0015,2025-09-28,2094.29,DEBIT,India
TXN000216,ACC0015,2024-01-03,4831.34,DEBIT,Singapore
TXN000217,ACC0015,2025-09-05,2305.88,CREDIT,Canada
TXN000218,ACC0015,2025-03-04,4223.98,DEBIT,India
TXN000219,ACC0015,2025-08-07,2008.24,DEBIT,India
TXN000220,ACC0015,2024-10-25,3731.57,DEBIT,England
TXN000221,ACC0015,2024-06-02,391.13,DEBIT,Bangladesh
TXN000222,ACC0015,2025-05-18,977.58,CREDIT,England
TXN000223,ACC0015,2025-10-03,4077.03,DEBIT,Canada
TXN000224,ACC0015,2024-05-10,1287.28,DEBIT,Bangladesh
TXN000225,ACC0015,2024-05-17,3803.47,DEBIT,USA
TXN000226,ACC0015,2025-09-16,2475.64,CREDIT,UAE
TXN000227,ACC0015,2025-07-13,3218.53,CREDIT,Singapore
TXN000228,ACC0016,2024-09-17,763.28,DEBIT,India
TXN000229,ACC0016,2025-01-24,3160.61,CREDIT,Bangladesh
TXN000230,ACC0016,2023-12-26,1766.19,DEBIT,England
TXN000231,ACC0016,2025-02-13,2265.05,DEBIT,England
TXN000232,ACC0016,2024-08-18,392.89,DEBIT,Bangladesh
TXN000233,ACC0016,2025-06-29,2540.27,CREDIT,Bangladesh
TXN000234,ACC0016,2025-05-19,4771.62,DEBIT,India
TXN000235,ACC0016,2025-06-06,3262.67,CREDIT,Bangladesh
TXN000236,ACC0016,2025-02-28,2511.82,DEBIT,India
TXN000237,ACC0016,2024-02-12,4056.72,CREDIT,UAE
TXN000238,ACC0016,2024-01-24,2527.7,DEBIT,Canada
TXN000239,ACC0016,2024-07-09,3541.03,CREDIT,Bangladesh
TXN000240,ACC0016,2025-04-17,3052.93,CREDIT,England
TXN000241,ACC0016,2024-08-14,1943.21,CREDIT,UAE
TXN000242,ACC0016,2025-07-03,271.3,CREDIT,Canada
TXN000243,ACC0016,2024-10-01,481.58,CREDIT,England
TXN000244,ACC0016,2024-07-14,3621.43,DEBIT,England
TXN000245,ACC0016,2024-01-21,2917.87,DEBIT,England
TXN000246,ACC0016,2024-09-11,4838.81,CREDIT,USA
TXN000247,ACC0016,2025-06-30,3547.08,DEBIT,England
TXN000248,ACC0016,2025-05-24,1889.63,CREDIT,Singapore
TXN000249,ACC0016,2024-03-08,3353.88,DEBIT,UAE
TXN000250,ACC0016,2025-09-15,2122.8,CREDIT,Canada
TXN000251,ACC0016,2024-11-04,1551.24,DEBIT,England
TXN000252,ACC0016,2025-03-10,968.11,DEBIT,USA
TXN000253,ACC0017,2023-01-13,4223.7,DEBIT,Bangladesh
TXN000254,ACC0017,2023-09-20,4177.25,DEBIT,UAE
TXN000255,ACC0017,2023-02-24,4383.2,DEBIT,Bangladesh
TXN000256,ACC0017,2023-04-06,779.72,DEBIT,Singapore
TXN000257,ACC0017,2023-12-16,4047.13,DEBIT,UAE
TXN000258,ACC0017,2023-06-08,228.03,CREDIT,UAE
TXN000259,ACC0017,2022-11-15,4848.25,CREDIT,Singapore
TXN000260,ACC0018,2022-11-08,2674.72,CREDIT,Singapore
TXN000261,ACC0018,2023-07-07,4520.83,DEBIT,England
TXN000262,ACC0018,2024-02-06,4736.18,CREDIT,India
TXN000263,ACC0018,2022-12-27,3892.84,CREDIT,USA
TXN000264,ACC0018,2022-10-04,4008.28,DEBIT,Singapore
TXN000265,ACC0018,2022-11-25,270.38,CREDIT,Singapore
TXN000266,ACC0018,2023-03-29,2777.16,DEBIT,UAE
TXN000267,ACC0018,2023-08-24,4257.32,CREDIT,Canada
TXN000268,ACC0018,2022-08-25,1371.23,DEBIT,Singapore
TXN000269,ACC0018,2023-06-04,467.65,DEBIT,Singapore
TXN000270,ACC0018,2023-06-18,4424.3,DEBIT,India
TXN000271,ACC0018,2022-05-07,1988.31,CREDIT,USA
TXN000272,ACC0018,2023-04-13,4972.68,CREDIT,USA
TXN000273,ACC0018,2022-04-11,1600.24,DEBIT,Singapore
TXN000274,ACC0018,2024-01-08,1683.1,DEBIT,USA
TXN000275,ACC0018,2022-04-22,1441.53,CREDIT,UAE
TXN000276,ACC0018,2022-08-03,3796.62,CREDIT,India
TXN000277,ACC0018,2023-12-04,36.2,DEBIT,Canada
TXN000278,ACC0018,2022-12-01,1086.12,DEBIT,Bangladesh
TXN000279,ACC0019,2024-06-12,2122.04,CREDIT,USA
TXN000280,ACC0019,2023-10-24,618.02,DEBIT,India
TXN000281,ACC0019,2024-10-04,3971.56,CREDIT,Canada
TXN000282,ACC0019,2023-04-12,4185.07,CREDIT,Bangladesh
TXN000283,ACC0019,2024-06-20,92.01,DEBIT,UAE
TXN000284,ACC0019,2023-05-16,1463.45,DEBIT,Bangladesh
TXN000285,ACC0019,2023-12-16,1210.42,CREDIT,USA
TXN000286,ACC0019,2024-10-30,3344.39,CREDIT,Canada
TXN000287,ACC0019,2024-06-10,2724.97,DEBIT,India
TXN000288,ACC0019,2024-04-14,227.24,CREDIT,England
TXN000289,ACC0019,2023-09-05,3739.11,CREDIT,Singapore
TXN000290,ACC0019,2023-02-27,1730.56,DEBIT,Singapore
TXN000291,ACC0019,2024-08-06,3678.58,CREDIT,USA
TXN000292,ACC0019,2023-02-03,1767.97,CREDIT,Singapore
TXN000293,ACC0019,2024-10-08,883.69,CREDIT,UAE
TXN000294,ACC0019,2024-04-23,3162.36,DEBIT,Canada
TXN000295,ACC0019,2024-04-01,194.55,DEBIT,Canada
TXN000296,ACC0019,2023-07-12,4430.09,CREDIT,England
TXN000297,ACC0019,2024-05-30,1997.14,CREDIT,England
TXN000298,ACC0019,2023-01-26,3768.92,DEBIT,England
TXN000299,ACC0019,2023-12-20,4312.07,DEBIT,Singapore
TXN000300,ACC0019,2024-10-21,1666.3,DEBIT,Singapore
TXN000301,ACC0019,2023-12-31,2190.39,CREDIT,UAE
TXN000302,ACC0019,2024-03-14,4474.24,CREDIT,England
TXN000303,ACC0020,2024-03-26,3463.42,CREDIT,Singapore
TXN000304,ACC0020,2024-04-18,1340.94,DEBIT,UAE
TXN000305,ACC0020,2024-01-12,403.85,DEBIT,Bangladesh
TXN000306,ACC0020,2023-08-31,-4414.42,DEBIT,England
TXN000307,ACC0020,2024-09-10,1485.24,CREDIT,Bangladesh
TXN000308,ACC0020,2024-01-14,841.56,CREDIT,England
TXN000309,ACC0020,2024-02-04,221.35,CREDIT,Bangladesh
TXN000310,ACC0020,2024-01-23,1380.03,DEBIT,Canada
TXN000311,ACC0020,2024-09-21,3191.19,CREDIT,Bangladesh
TXN000312,ACC0020,2024-09-29,808.33,DEBIT,USA
TXN000313,ACC0021,2024-07-04,3908.75,DEBIT,USA
TXN000314,ACC0021,2022-10-17,1187.62,CREDIT,England
TXN000315,ACC0021,2023-09-06,4747.84,DEBIT,Bangladesh
TXN000316,ACC0021,2023-01-14,3398.52,CREDIT,England
TXN000317,ACC0021,2023-11-07,3817.79,DEBIT,Bangladesh
TXN000318,ACC0021,2023-08-20,1996.19,CREDIT,USA
TXN000319,ACC0021,2022-12-04,139.31,DEBIT,India
TXN000320,ACC0021,2024-01-22,1941.07,DEBIT,England
TXN000321,ACC0021,2023-05-03,3523.15,DEBIT,Bangladesh
TXN000322,ACC0021,2023-05-29,3472.96,CREDIT,USA
TXN000323,ACC0021,2022-12-13,687.28,DEBIT,India
TXN000324,ACC0021,2023-02-02,4494.41,CREDIT,Canada
TXN000325,ACC0021,2024-07-08,4838.13,CREDIT,UAE
TXN000326,ACC0021,2023-07-31,3550.61,CREDIT,England
TXN000327,ACC0021,2023-01-18,3561.93,DEBIT,Singapore
TXN000328,ACC0021,2023-08-15,2548.69,DEBIT,USA
TXN000329,ACC0021,2022-12-30,1191.31,CREDIT,Canada
TXN000330,ACC0021,2023-08-14,2774.57,CREDIT,India
TXN000331,ACC0021,2024-02-25,657.56,DEBIT,Canada
TXN000332,ACC0021,2023-06-22,1996.82,CREDIT,Bangladesh
TXN000333,ACC0021,2023-10-04,3848.13,DEBIT,USA
TXN000334,ACC0021,2023-06-30,3215.27,CREDIT,India
TXN000335,ACC0021,2024-07-06,2591.63,DEBIT,Singapore
TXN000336,ACC0021,2024-02-25,3202.57,DEBIT,Singapore
TXN000337,ACC0022,2024-01-08,2519.29,DEBIT,Singapore
TXN000338,ACC0022,2023-02-26,2595.33,CREDIT,USA
TXN000339,ACC0022,2023-04-05,1620.08,DEBIT,England
TXN000340,ACC0022,2024-04-05,4475.68,DEBIT,England
TXN000341,ACC0022,2023-05-11,3178.93,CREDIT,USA
TXN000342,ACC0022,2024-07-23,1521.09,DEBIT,Bangladesh
TXN000343,ACC0022,2024-08-08,851.49,DEBIT,USA
TXN000344,ACC0022,2024-08-26,3126.15,CREDIT,Singapore
TXN000345,ACC0022,2024-05-21,215.56,DEBIT,Canada
TXN000346,ACC0023,2024-06-08,3857.4,CREDIT,UAE
TXN000347,ACC0023,2023-03-25,3837.13,CREDIT,Bangladesh
TXN000348,ACC0023,2024-06-06,161.13,CREDIT,UAE
TXN000349,ACC0023,2023-06-27,-409.25,CREDIT,England
TXN000350,ACC0023,2023-11-29,374.14,DEBIT,USA
TXN000351,ACC0023,2023-11-15,2083.95,CREDIT,USA
TXN000352,ACC0024,2024-06-27,726.91,CREDIT,UAE
TXN000353,ACC0024,2023-10-03,4877.12,DEBIT,Singapore
TXN000354,ACC0024,2023-10-29,2579.75,DEBIT,England
TXN000355,ACC0024,2023-06-19,2337.7,CREDIT,India
TXN000356,ACC0024,2023-06-25,712.98,DEBIT,England
TXN000357,ACC0024,2023-11-12,4322.18,CREDIT,USA
TXN000358,ACC0024,2023-03-27,4069.25,CREDIT,USA
TXN000359,ACC0024,2023-03-27,2496.35,CREDIT,India
TXN000360,ACC0024,2023-08-26,2491.88,DEBIT,India
TXN000361,ACC0024,2024-03-15,2291.58,DEBIT,USA
TXN000362,ACC0024,2024-06-03,1770.95,DEBIT,England
TXN000363,ACC0024,2024-03-04,2991.62,CREDIT,England
TXN000364,ACC0024,2024-04-16,50.81,DEBIT,India
TXN000365,ACC0024,2023-03-01,4413.45,CREDIT,Singapore
TXN000366,ACC0024,2023-12-01,1836.03,CREDIT,Canada
TXN000367,ACC0025,2024-05-16,981.33,CREDIT,Canada
TXN000368,ACC0025,2023-11-18,2526.24,CREDIT,Singapore
TXN000369,ACC0025,2024-07-18,3405.19,DEBIT,USA
TXN000370,ACC0025,2023-01-26,1975.58,CREDIT,Bangladesh
TXN000371,ACC0025,2023-10-28,3777.28,DEBIT,Bangladesh
TXN000372,ACC0025,2024-03-23,2012.92,DEBIT,Canada
TXN000373,ACC0025,2022-11-27,693.81,CREDIT,
TXN000374,ACC0025,2024-02-16,2601.47,DEBIT,Bangladesh
TXN000375,ACC0025,2024-03-29,707.51,CREDIT,USA
TXN000376,ACC0025,2023-11-25,4953.17,CREDIT,Bangladesh
TXN000377,ACC0025,2023-09-28,2541.5,CREDIT,UAE
TXN000378,ACC0025,2024-05-17,1505.95,DEBIT,England
TXN000379,ACC0025,2023-09-23,3372.29,CREDIT,Bangladesh
TXN000380,ACC0025,2023-08-30,3985.81,DEBIT,Bangladesh
TXN000381,ACC0025,2024-02-16,1335.0,DEBIT,UAE
TXN000382,ACC0025,2022-12-10,2921.78,DEBIT,Bangladesh
TXN000383,ACC0025,2024-07-24,3608.7,CREDIT,USA
TXN000384,ACC0025,2024-09-15,1218.56,DEBIT,USA
TXN000385,ACC0025,2022-11-07,2210.78,CREDIT,USA
TXN000386,ACC0025,2023-12-15,3455.6,CREDIT,Bangladesh
TXN000387,ACC0025,2024-07-06,4603.4,DEBIT,UAE
TXN000388,ACC0025,2023-03-09,2598.23,CREDIT,UAE
TXN000389,ACC0025,2024-02-20,2632.13,CREDIT,USA
TXN000390,ACC0026,2024-07-22,1718.21,CREDIT,UAE
TXN000391,ACC0026,2024-12-21,3220.11,CREDIT,Bangladesh
TXN000392,ACC0026,2024-06-02,969.4,DEBIT,England
TXN000393,ACC0026,2024-08-17,1499.51,CREDIT,Singapore
TXN000394,ACC0026,2023-11-15,3527.46,CREDIT,England
TXN000395,ACC0026,2024-05-29,1750.53,CREDIT,England
TXN000396,ACC0026,2023-05-28,2871.65,CREDIT,India
TXN000397,ACC0026,2024-01-12,4773.5,DEBIT,England
TXN000398,ACC0026,2023-03-08,1445.28,DEBIT,England
TXN000399,ACC0026,2024-04-20,3283.3,CREDIT,USA
TXN000400,ACC0026,2023-08-18,4141.48,CREDIT,Bangladesh
TXN000401,ACC0026,2023-10-29,694.99,DEBIT,USA
TXN000402,ACC0026,2023-03-16,3352.47,DEBIT,UAE
TXN000403,ACC0026,2023-09-19,271.93,CREDIT,England
TXN000404,ACC0026,2024-05-21,511.72,DEBIT,Canada
TXN000405,ACC0026,2024-08-09,4889.77,DEBIT,India
TXN000406,ACC0026,2024-11-22,4675.81,CREDIT,India
TXN000407,ACC0026,2024-11-20,1005.29,CREDIT,
TXN000408,ACC0026,2023-11-12,3233.03,DEBIT,UAE
TXN000409,ACC0027,2024-03-09,2680.41,DEBIT,USA
TXN000410,ACC0027,2024-09-15,4412.4,DEBIT,Canada
TXN000411,ACC0027,2024-08-25,3941.92,DEBIT,UAE
TXN000412,ACC0027,2024-05-07,4384.95,DEBIT,England
TXN000413,ACC0027,2025-02-16,3017.89,CREDIT,England
TXN000414,ACC0027,2024-10-23,4945.61,CREDIT,USA
TXN000415,ACC0027,2024-12-13,2345.42,DEBIT,Singapore
TXN000416,ACC0027,2023-11-08,1660.11,CREDIT,UAE
TXN000417,ACC0027,2024-04-04,3595.8,DEBIT,UAE
TXN000418,ACC0027,2024-06-25,3955.93,DEBIT,USA
TXN000419,ACC0027,2025-04-01,4282.17,CREDIT,Singapore
TXN000420,ACC0027,2024-09-25,2581.25,DEBIT,India
TXN000421,ACC0027,2025-05-31,485.97,DEBIT,India
TXN000422,ACC0027,2024-06-11,4679.77,DEBIT,England
TXN000423,ACC0027,2024-08-11,1185.25,CREDIT,England
TXN000424,ACC0027,2024-05-20,2916.48,DEBIT,England
TXN000425,ACC0027,2025-05-15,1804.16,DEBIT,Canada
TXN000426,ACC0027,2025-05-29,599.94,CREDIT,USA
TXN000427,ACC0027,2024-09-03,3433.51,CREDIT,UAE
TXN000428,ACC0027,2023-11-13,3197.17,CREDIT,England
TXN000429,ACC0027,2025-04-05,1112.04,DEBIT,India
TXN000430,ACC0027,2023-12-19,2280.34,CREDIT,India
TXN000431,ACC0027,2025-01-28,4564.86,DEBIT,Singapore
TXN000432,ACC0028,2025-05-22,3776.15,DEBIT,Bangladesh
TXN000433,ACC0028,2024-09-25,2645.58,CREDIT,Canada
TXN000434,ACC0028,2025-01-23,569.92,DEBIT,Bangladesh
TXN000435,ACC0028,2024-12-26,757.76,CREDIT,Singapore
TXN000436,ACC0028,2024-12-09,2214.78,DEBIT,UAE
TXN000437,ACC0028,2025-02-12,2449.25,CREDIT,Singapore
TXN000438,ACC0028,2023-08-21,2272.63,CREDIT,India
TXN000439,ACC0028,2025-01-23,298.11,CREDIT,UAE
TXN000440,ACC0028,2024-05-06,3619.17,CREDIT,England
TXN000441,ACC0028,2023-06-29,3731.56,DEBIT,Canada
TXN000442,ACC0028,2024-09-01,1729.2,DEBIT,Bangladesh
TXN000443,ACC0028,2023-08-26,4673.57,DEBIT,India
TXN000444,ACC0029,2024-03-24,2050.25,DEBIT,Singapore
TXN000445,ACC0029,2025-03-22,4891.88,CREDIT,England
TXN000446,ACC0029,2024-06-30,2248.2,CREDIT,India
TXN000447,ACC0029,2023-08-26,3416.82,DEBIT,UAE
TXN000448,ACC0029,2024-05-26,601.98,CREDIT,Bangladesh
TXN000449,ACC0029,2023-10-13,3642.01,DEBIT,Singapore
TXN000450,ACC0030,2022-01-15,4892.67,CREDIT,UAE
TXN000451,ACC0030,2023-07-03,2126.4,CREDIT,Singapore
TXN000452,ACC0030,2022-08-15,1245.09,CREDIT,USA
TXN000453,ACC0030,2022-10-01,950.52,DEBIT,Canada
TXN000454,ACC0030,2023-10-30,2102.01,DEBIT,USA
TXN000455,ACC0031,2022-01-14,513.47,DEBIT,India
TXN000456,ACC0031,2023-07-12,3363.4,DEBIT,USA
TXN000457,ACC0031,2021-12-22,2017.3,DEBIT,Bangladesh
TXN000458,ACC0031,2022-06-17,3774.38,DEBIT,USA
TXN000459,ACC0031,2023-04-06,4967.48,DEBIT,Singapore
TXN000460,ACC0031,2023-06-19,48965.1,CREDIT,USA
TXN000461,ACC0031,2022-09-12,4382.53,DEBIT,India
TXN000462,ACC0031,2022-09-10,1383.02,DEBIT,UAE
TXN000463,ACC0031,2023-10-03,2141.73,CREDIT,Canada
TXN000464,ACC0031,2022-10-25,4708.52,CREDIT,Singapore
TXN000465,ACC0031,2023-04-28,1600.48,CREDIT,India
TXN000466,ACC0032,2022-09-17,1888.54,CREDIT,USA
TXN000467,ACC0032,2022-07-02,1510.67,DEBIT,Singapore
TXN000468,ACC0032,2023-03-03,4574.56,CREDIT,India
TXN000469,ACC0032,2023-06-07,2654.66,CREDIT,USA
TXN000470,ACC0032,2022-08-02,1024.65,DEBIT,India
TXN000471,ACC0032,2022-11-28,471.4,DEBIT,Canada
TXN000472,ACC0032,2022-08-15,1892.07,DEBIT,Singapore
TXN000473,ACC0032,2022-01-27,948.93,DEBIT,India
TXN000474,ACC0032,2022-06-15,4348.67,CREDIT,England
TXN000475,ACC0033,2022-11-09,4686.43,DEBIT,UAE
TXN000476,ACC0033,2023-08-10,4573.06,DEBIT,India
TXN000477,ACC0033,2022-12-08,2764.88,CREDIT,India
TXN000478,ACC0033,2023-07-28,2672.91,CREDIT,England
TXN000479,ACC0033,2022-12-30,1804.63,CREDIT,India
TXN000480,ACC0034,2024-07-18,3810.53,CREDIT,USA
TXN000481,ACC0034,2024-04-08,1571.48,DEBIT,Bangladesh
TXN000482,ACC0034,2023-11-07,3708.85,DEBIT,England
TXN000483,ACC0034,2024-10-12,4674.44,CREDIT,England
TXN000484,ACC0034,2023-08-29,989.0,DEBIT,India
TXN000485,ACC0034,2024-10-29,4168.48,CREDIT,Bangladesh
TXN000486,ACC0034,2025-01-24,4717.89,CREDIT,England
TXN000487,ACC0034,2024-08-07,4832.88,CREDIT,India
TXN000488,ACC0035,2024-02-11,854.64,CREDIT,USA
TXN000489,ACC0035,2024-08-24,4951.71,DEBIT,Bangladesh
TXN000490,ACC0035,2023-03-22,4196.95,DEBIT,Singapore
TXN000491,ACC0035,2024-12-31,252.09,DEBIT,India
TXN000492,ACC0035,2023-07-06,4214.3,DEBIT,Canada
TXN000493,ACC0035,2023-07-20,55.62,CREDIT,England
TXN000494,ACC0035,2023-04-18,3093.0,CREDIT,UAE
TXN000495,ACC0035,2024-06-29,88.5,CREDIT,Canada
TXN000496,ACC0035,2023-03-05,2651.79,CREDIT,Bangladesh
TXN000497,ACC0035,2023-12-06,95.54,CREDIT,Singapore
TXN000498,ACC0036,2023-02-26,4591.06,DEBIT,USA
TXN000499,ACC0036,2023-05-24,3102.71,CREDIT,Singapore
TXN000500,ACC0036,2023-11-06,1343.95,CREDIT,Canada
TXN000501,ACC0036,2023-11-26,4796.9,CREDIT,Bangladesh
TXN000502,ACC0036,2023-07-16,4951.26,DEBIT,England
TXN000503,ACC0036,2024-10-09,4142.03,DEBIT,UAE
TXN000504,ACC0036,2024-09-04,3800.33,DEBIT,India
TXN000505,ACC0036,2023-12-02,1892.08,CREDIT,Canada
TXN000506,ACC0036,2024-08-22,57.16,DEBIT,Canada
TXN000507,ACC0036,2024-04-03,4228.2,CREDIT,Bangladesh
TXN000508,ACC0037,2022-12-17,4596.57,DEBIT,USA
TXN000509,ACC0037,2023-01-26,2382.75,DEBIT,Canada
TXN000510,ACC0037,2023-05-26,4628.67,DEBIT,USA
TXN000511,ACC0037,2022-05-13,88.13,DEBIT,Bangladesh
TXN000512,ACC0037,2021-11-19,3763.75,CREDIT,Canada
TXN000513,ACC0037,2022-04-27,820.63,DEBIT,Bangladesh
TXN000514,ACC0037,2022-07-28,3388.4,CREDIT,India
TXN000515,ACC0037,2021-11-15,3954.59,DEBIT,Bangladesh
TXN000516,ACC0038,2023-10-19,497.45,DEBIT,Singapore
TXN000517,ACC0038,2023-11-11,1709.56,CREDIT,Singapore
TXN000518,ACC0038,2024-07-25,157.83,CREDIT,Singapore
TXN000519,ACC0038,2024-11-29,2458.11,CREDIT,Bangladesh
TXN000520,ACC0038,2024-09-13,2164.92,CREDIT,Canada
TXN000521,ACC0038,2025-05-20,1483.94,DEBIT,UAE
TXN000522,ACC0038,2023-11-09,419.37,DEBIT,India
TXN000523,ACC0038,2025-06-05,779.84,CREDIT,England
TXN000524,ACC0038,2024-08-29,541.69,DEBIT,England
TXN000525,ACC0038,2024-11-23,1805.99,CREDIT,Canada
TXN000526,ACC0038,2024-01-08,445.61,CREDIT,India
TXN000527,ACC0038,2025-03-18,2778.15,CREDIT,Canada
TXN000528,ACC0038,2023-09-21,457.2,DEBIT,Bangladesh
TXN000529,ACC0038,2025-04-29,3924.35,CREDIT,Canada
TXN000530,ACC0038,2024-06-19,2074.91,DEBIT,UAE
TXN000531,ACC0038,2025-03-20,4526.99,DEBIT,Bangladesh
TXN000532,ACC0039,2024-04-25,3429.73,DEBIT,USA
TXN000533,ACC0039,2024-08-05,-273.25,CREDIT,USA
TXN000534,ACC0039,2024-01-07,844.36,CREDIT,India
TXN000535,ACC0039,2024-09-05,2426.31,DEBIT,England
TXN000536,ACC0039,2024-07-18,4721.67,CREDIT,Bangladesh
TXN000537,ACC0039,2025-07-27,985.79,DEBIT,USA
TXN000538,ACC0039,2024-09-10,43.77,CREDIT,England
TXN000539,ACC0039,2025-07-31,1905.65,CREDIT,India
TXN000540,ACC0039,2024-10-11,2158.77,DEBIT,England
TXN000541,ACC0039,2024-09-27,3020.02,DEBIT,India
TXN000542,ACC0039,2024-09-20,896.41,CREDIT,England
TXN000543,ACC0039,2024-08-28,3677.02,CREDIT,Bangladesh
TXN000544,ACC0039,2024-07-09,1636.17,CREDIT,Singapore
TXN000545,ACC0039,2024-12-10,1831.43,DEBIT,Bangladesh
TXN000546,ACC0039,2025-05-15,907.84,DEBIT,UAE
TXN000547,ACC0039,2025-02-18,4715.44,DEBIT,India
TXN000548,ACC0039,2024-08-28,4158.1,DEBIT,Singapore
TXN000549,ACC0039,2024-12-26,3368.16,DEBIT,UAE
TXN000550,ACC0039,2024-09-09,1217.69,DEBIT,UAE
TXN000551,ACC0039,2025-01-10,3947.49,DEBIT,India
TXN000552,ACC0039,2025-07-08,2401.38,CREDIT,Bangladesh
TXN000553,ACC0040,2024-04-11,2722.79,CREDIT,UAE
TXN000554,ACC0040,2024-08-10,2973.16,DEBIT,Canada
TXN000555,ACC0040,2023-10-20,3291.43,CREDIT,USA
TXN000556,ACC0040,2024-12-01,3067.26,CREDIT,Singapore
TXN000557,ACC0040,2024-01-13,4828.93,CREDIT,Canada
TXN000558,ACC0040,2023-02-18,502.05,DEBIT,Bangladesh
TXN000559,ACC0040,2024-07-23,2794.39,DEBIT,India
TXN000560,ACC0040,2024-02-26,1961.76,DEBIT,England
TXN000561,ACC0040,2023-03-05,2419.03,CREDIT,India
TXN000562,ACC0040,2023-05-06,589.19,DEBIT,England
TXN000563,ACC0040,2023-12-24,1721.9,DEBIT,Bangladesh
TXN000564,ACC0040,2024-06-16,1748.02,DEBIT,India
TXN000565,ACC0040,2024-05-16,1601.36,CREDIT,Canada
TXN000566,ACC0040,2023-06-05,122.7,CREDIT,UAE
TXN000567,ACC0040,2023-05-30,3388.93,DEBIT,UAE
TXN000568,ACC0040,2023-10-15,2584.81,DEBIT,England
TXN000569,ACC0040,2024-09-03,2137.58,CREDIT,USA
TXN000570,ACC0040,2024-03-28,3152.5,DEBIT,UAE
TXN000571,ACC0040,2024-12-12,2166.35,DEBIT,UAE
TXN000572,ACC0040,2024-10-28,4416.66,CREDIT,Bangladesh
TXN000573,ACC0040,2024-04-22,1950.29,DEBIT,USA
TXN000574,ACC0041,2023-04-16,2890.97,DEBIT,England
TXN000575,ACC0041,2024-01-10,993.4,DEBIT,England
TXN000576,ACC0041,2024-12-28,4314.56,CREDIT,Bangladesh
TXN000577,ACC0041,2024-03-14,3060.43,DEBIT,England
TXN000578,ACC0041,2024-02-06,4229.13,DEBIT,
TXN000579,ACC0041,2024-12-31,3532.88,CREDIT,Bangladesh
TXN000580,ACC0041,2024-10-07,432.91,DEBIT,England
TXN000581,ACC0041,2023-06-11,1200.48,DEBIT,USA
TXN000582,ACC0041,2024-02-28,3470.25,CREDIT,India
TXN000583,ACC0041,2024-10-13,697.96,CREDIT,India
TXN000584,ACC0041,2023-08-20,2438.48,DEBIT,Bangladesh
TXN000585,ACC0041,2023-07-31,2453.31,DEBIT,USA
TXN000586,ACC0041,2023-12-30,4211.51,DEBIT,Singapore
TXN000587,ACC0042,2022-12-25,2428.2,DEBIT,Singapore
TXN000588,ACC0042,2024-01-13,4819.51,CREDIT,India
TXN000589,ACC0042,2024-05-02,2084.0,CREDIT,India
TXN000590,ACC0042,2023-06-05,422.53,DEBIT,Singapore
TXN000591,ACC0042,2023-07-29,1467.53,CREDIT,USA
TXN000592,ACC0042,2024-06-18,1450.46,CREDIT,Bangladesh
TXN000593,ACC0042,2024-05-06,2753.13,DEBIT,Bangladesh
TXN000594,ACC0042,2023-04-11,1346.77,CREDIT,Bangladesh
TXN000595,ACC0042,2023-01-27,3802.42,CREDIT,Bangladesh
TXN000596,ACC0042,2023-07-27,4948.98,DEBIT,UAE
TXN000597,ACC0042,2024-10-15,3759.21,CREDIT,Singapore
TXN000598,ACC0042,2023-01-18,2254.16,CREDIT,Singapore
TXN000599,ACC0042,2023-03-15,2200.96,DEBIT,Singapore
TXN000600,ACC0042,2023-08-15,1057.29,CREDIT,Singapore
TXN000601,ACC0042,2024-08-31,3167.53,DEBIT,Bangladesh
TXN000602,ACC0042,2023-05-07,3926.4,DEBIT,Singapore
TXN000603,ACC0043,2024-12-08,1760.57,CREDIT,Bangladesh
TXN000604,ACC0043,2024-11-06,850.2,CREDIT,England
TXN000605,ACC0043,2024-12-11,1344.04,DEBIT,USA
TXN000606,ACC0043,2024-06-29,4594.66,CREDIT,Singapore
TXN000607,ACC0043,2025-03-06,643.17,DEBIT,USA
TXN000608,ACC0043,2023-10-01,3559.86,DEBIT,Singapore
TXN000609,ACC0044,2024-10-10,719.44,CREDIT,UAE
TXN000610,ACC0044,2024-07-25,1882.11,DEBIT,UAE
TXN000611,ACC0044,2023-08-31,2020.23,CREDIT,UAE
TXN000612,ACC0044,2024-06-08,2278.93,CREDIT,England
TXN000613,ACC0044,2025-01-12,22.34,DEBIT,UAE
TXN000614,ACC0044,2024-09-08,3177.85,CREDIT,Singapore
TXN000615,ACC0044,2023-07-31,3980.43,CREDIT,USA
TXN000616,ACC0044,2024-08-09,4125.99,CREDIT,England
TXN000617,ACC0044,2024-04-22,4143.43,CREDIT,Bangladesh
TXN000618,ACC0044,2025-01-08,661.67,CREDIT,Singapore
TXN000619,ACC0044,2024-05-13,4471.83,DEBIT,Canada
TXN000620,ACC0044,2023-09-06,3134.64,CREDIT,Canada
TXN000621,ACC0044,2023-10-02,4647.87,DEBIT,India
TXN000622,ACC0044,2024-09-06,13.37,CREDIT,USA
TXN000623,ACC0044,2023-10-10,4411.92,CREDIT,USA
TXN000624,ACC0044,2024-03-03,475.77,CREDIT,England
TXN000625,ACC0044,2023-08-20,1865.5,DEBIT,Canada
TXN000626,ACC0045,2023-07-30,1534.49,DEBIT,India
TXN000627,ACC0045,2023-08-30,465.08,DEBIT,Canada
TXN000628,ACC0045,2022-06-03,2389.27,DEBIT,Bangladesh
TXN000629,ACC0045,2022-06-16,2602.03,CREDIT,Canada
TXN000630,ACC0045,2021-11-05,3481.03,DEBIT,Singapore
TXN000631,ACC0045,2023-01-03,3473.21,CREDIT,Canada
TXN000632,ACC0045,2022-06-19,1921.52,DEBIT,Canada
TXN000633,ACC0045,2022-09-13,1844.13,CREDIT,USA
TXN000634,ACC0045,2022-11-23,3869.57,DEBIT,UAE
TXN000635,ACC0045,2023-09-21,722.84,DEBIT,Bangladesh
TXN000636,ACC0045,2023-08-24,828.94,CREDIT,UAE
TXN000637,ACC0045,2022-06-03,3144.12,DEBIT,India
TXN000638,ACC0045,2023-07-20,3435.97,DEBIT,Canada
TXN000639,ACC0045,2022-02-07,708.67,DEBIT,Bangladesh
TXN000640,ACC0045,2022-11-25,1764.16,CREDIT,England
TXN000641,ACC0045,2022-03-20,1246.45,DEBIT,USA
TXN000642,ACC0045,2023-05-17,3008.99,CREDIT,Singapore
TXN000643,ACC0046,2023-10-08,4380.38,DEBIT,Bangladesh
TXN000644,ACC0046,2023-08-16,2552.52,CREDIT,England
TXN000645,ACC0046,2023-09-25,282.3,DEBIT,India
TXN000646,ACC0046,2023-01-02,572.59,CREDIT,UAE
TXN000647,ACC0046,2023-08-03,364.35,DEBIT,England
TXN000648,ACC0047,2022-02-25,1940.32,CREDIT,England
TXN000649,ACC0047,2023-04-25,3417.88,CREDIT,Singapore
TXN000650,ACC0047,2021-12-26,93.28,DEBIT,Canada
TXN000651,ACC0047,2022-07-08,1086.56,DEBIT,Singapore
TXN000652,ACC0047,2022-11-24,2537.99,CREDIT,India
TXN000653,ACC0047,2022-11-28,421.31,DEBIT,England
TXN000654,ACC0047,2022-01-06,1556.44,DEBIT,Singapore
TXN000655,ACC0047,2022-03-21,2686.59,CREDIT,Bangladesh
TXN000656,ACC0047,2023-07-24,3818.49,DEBIT,England
TXN000657,ACC0047,2023-01-03,3652.49,DEBIT,Canada
TXN000658,ACC0047,2022-06-20,440.2,CREDIT,Canada
TXN000659,ACC0047,2023-01-20,3065.36,DEBIT,England
TXN000660,ACC0047,2023-08-26,3711.05,DEBIT,Canada
TXN000661,ACC0047,2021-10-25,3542.42,DEBIT,USA
TXN000662,ACC0047,2023-03-05,4765.55,CREDIT,USA
TXN000663,ACC0048,2023-10-24,3751.38,CREDIT,UAE
TXN000664,ACC0048,2023-10-15,3859.44,DEBIT,England
TXN000665,ACC0048,2024-08-29,1367.18,DEBIT,England
TXN000666,ACC0048,2025-01-27,3141.39,CREDIT,India
TXN000667,ACC0048,2024-11-21,1807.02,CREDIT,Singapore
TXN000668,ACC0048,2025-01-17,842.74,DEBIT,England
TXN000669,ACC0048,2023-09-30,4472.4,DEBIT,USA
TXN000670,ACC0048,2024-11-19,22.82,DEBIT,USA
TXN000671,ACC0048,2023-08-03,2364.11,CREDIT,USA
TXN000672,ACC0048,2023-12-17,4656.49,DEBIT,Bangladesh
TXN000673,ACC0048,2025-04-18,2102.65,CREDIT,USA
TXN000674,ACC0048,2024-08-16,4580.12,CREDIT,England
TXN000675,ACC0048,2023-09-04,2861.96,DEBIT,Bangladesh
TXN000676,ACC0048,2025-05-06,4510.69,DEBIT,USA
TXN000677,ACC0048,2024-11-26,4907.26,CREDIT,Canada
TXN000678,ACC0048,2024-10-05,4331.5,CREDIT,England
TXN000679,ACC0049,2025-03-25,2289.16,CREDIT,USA
TXN000680,ACC0049,2024-06-30,2823.4,CREDIT,UAE
TXN000681,ACC0049,2025-06-04,1220.49,CREDIT,Bangladesh
TXN000682,ACC0049,2025-01-23,4988.96,DEBIT,UAE
TXN000683,ACC0049,2025-03-18,3804.81,DEBIT,USA
TXN000684,ACC0049,2023-09-12,4662.66,DEBIT,USA
TXN000685,ACC0049,2025-03-13,1738.65,DEBIT,England
TXN000686,ACC0050,2024-11-01,1887.61,CREDIT,Canada
TXN000687,ACC0050,2023-07-27,2653.77,DEBIT,India
TXN000688,ACC0050,2024-05-15,4806.31,DEBIT,UAE
TXN000689,ACC0050,2023-10-11,474.2,DEBIT,Singapore
TXN000690,ACC0050,2024-06-13,2071.15,CREDIT,India
TXN000691,ACC0051,2023-01-25,486.93,DEBIT,UAE
TXN000692,ACC0051,2022-07-18,383.4,DEBIT,India
TXN000693,ACC0051,2023-04-19,4821.45,DEBIT,England
TXN000694,ACC0051,2022-03-04,4256.06,CREDIT,UAE
TXN000695,ACC0051,2022-05-10,1597.11,CREDIT,USA
TXN000696,ACC0051,2021-08-25,4718.34,DEBIT,Singapore
TXN000697,ACC0051,2023-01-29,553.77,DEBIT,USA
TXN000698,ACC0052,2022-10-05,1577.03,DEBIT,Bangladesh
TXN000699,ACC0052,2022-06-16,4823.53,DEBIT,India
TXN000700,ACC0052,2022-04-26,2322.1,DEBIT,Canada
TXN000701,ACC0052,2021-11-23,4039.91,CREDIT,Singapore
TXN000702,ACC0052,2023-02-22,211.25,CREDIT,USA
TXN000703,ACC0052,2021-09-16,3558.68,CREDIT,India
TXN000704,ACC0052,2022-11-22,254.26,CREDIT,England
TXN000705,ACC0052,2021-12-10,165.1,CREDIT,Singapore
TXN000706,ACC0052,2022-09-21,2784.21,DEBIT,Canada
TXN000707,ACC0052,2022-10-01,518.52,DEBIT,Canada
TXN000708,ACC0052,2021-06-27,317.73,DEBIT,USA
TXN000709,ACC0052,2022-01-03,4120.13,CREDIT,UAE
TXN000710,ACC0052,2023-03-22,4688.5,DEBIT,Bangladesh
TXN000711,ACC0052,2023-02-05,1301.52,DEBIT,Canada
TXN000712,ACC0052,2021-08-20,996.77,CREDIT,Singapore
TXN000713,ACC0052,2021-10-24,468.97,CREDIT,Canada
TXN000714,ACC0052,2021-07-28,4711.98,DEBIT,USA
TXN000715,ACC0052,2023-01-23,2171.45,CREDIT,India
TXN000716,ACC0052,2021-07-15,1919.82,CREDIT,USA
TXN000717,ACC0053,2022-03-16,4542.44,CREDIT,England
TXN000718,ACC0053,2022-11-08,4418.28,DEBIT,Bangladesh
TXN000719,ACC0053,2023-05-05,3088.72,CREDIT,India
TXN000720,ACC0053,2022-10-04,4415.07,CREDIT,Canada
TXN000721,ACC0053,2021-11-06,1406.08,DEBIT,India
TXN000722,ACC0053,2022-03-01,3216.84,DEBIT,UAE
TXN000723,ACC0053,2023-02-16,3976.28,CREDIT,Singapore
TXN000724,ACC0053,2022-08-11,2403.63,CREDIT,England
TXN000725,ACC0053,2023-03-11,2516.94,CREDIT,England
TXN000726,ACC0053,2022-02-09,140.05,DEBIT,Canada
TXN000727,ACC0053,2022-05-23,302.37,CREDIT,Bangladesh
TXN000728,ACC0053,2022-08-10,3836.54,DEBIT,USA
TXN000729,ACC0053,2021-11-19,1246.81,DEBIT,England
TXN000730,ACC0053,2023-02-06,4083.26,DEBIT,Singapore
TXN000731,ACC0053,2022-03-21,2882.7,CREDIT,England
TXN000732,ACC0053,2022-02-02,888.74,CREDIT,Singapore
TXN000733,ACC0054,2024-10-04,150.75,CREDIT,Bangladesh
TXN000734,ACC0054,2024-09-06,719.09,DEBIT,Singapore
TXN000735,ACC0054,2024-06-25,2715.2,DEBIT,India
TXN000736,ACC0054,2023-03-17,460.38,DEBIT,Bangladesh
TXN000737,ACC0054,2023-09-19,109.44,CREDIT,Canada
TXN000738,ACC0054,2024-01-12,4590.3,DEBIT,Singapore
TXN000739,ACC0054,2023-06-20,1710.39,DEBIT,Singapore
TXN000740,ACC0054,2024-01-04,307.18,DEBIT,Bangladesh
TXN000741,ACC0054,2023-07-02,3874.09,CREDIT,Canada
TXN000742,ACC0054,2024-02-24,3525.64,CREDIT,Bangladesh
TXN000743,ACC0054,2023-05-21,1689.44,CREDIT,USA
TXN000744,ACC0054,2023-07-18,3664.44,CREDIT,Singapore
TXN000745,ACC0054,2024-11-22,4803.7,CREDIT,USA
TXN000746,ACC0054,2024-09-04,3470.87,CREDIT,USA
TXN000747,ACC0054,2024-12-19,2948.86,DEBIT,India
TXN000748,ACC0054,2023-12-18,3672.63,CREDIT,USA
TXN000749,ACC0055,2023-02-08,4744.45,CREDIT,Singapore
TXN000750,ACC0055,2024-09-10,171.59,CREDIT,Singapore
TXN000751,ACC0055,2024-10-25,1112.27,DEBIT,India
TXN000752,ACC0055,2023-07-01,1662.53,DEBIT,USA
TXN000753,ACC0055,2024-01-28,4912.07,DEBIT,
TXN000754,ACC0055,2023-05-08,-2828.56,CREDIT,India
TXN000755,ACC0055,2023-02-18,1333.41,DEBIT,UAE
TXN000756,ACC0055,2023-04-17,1758.9,DEBIT,UAE
TXN000757,ACC0055,2023-02-08,250.26,CREDIT,UAE
TXN000758,ACC0055,2024-04-11,4845.82,CREDIT,India
TXN000759,ACC0056,2024-02-29,2734.66,DEBIT,Singapore
TXN000760,ACC0056,2024-07-09,3945.76,DEBIT,USA
TXN000761,ACC0056,2024-06-11,377.81,DEBIT,England
TXN000762,ACC0056,2023-03-27,1600.4,DEBIT,Canada
TXN000763,ACC0056,2024-02-20,858.82,CREDIT,USA
TXN000764,ACC0056,2023-05-22,2739.76,DEBIT,England
TXN000765,ACC0056,2024-11-04,4926.53,CREDIT,UAE
TXN000766,ACC0056,2023-04-07,2162.3,DEBIT,Bangladesh
TXN000767,ACC0056,2024-05-24,793.95,DEBIT,England
TXN000768,ACC0056,2023-10-03,4872.25,CREDIT,UAE
TXN000769,ACC0056,2024-09-24,3612.97,CREDIT,UAE
TXN000770,ACC0056,2023-12-20,1494.03,DEBIT,Canada
TXN000771,ACC0056,2024-04-12,2863.13,CREDIT,USA
TXN000772,ACC0056,2023-05-01,1810.54,CREDIT,Canada
TXN000773,ACC0056,2024-01-02,4121.25,CREDIT,
TXN000774,ACC0056,2023-06-14,138.42,DEBIT,UAE
TXN000775,ACC0056,2023-12-30,4885.52,CREDIT,Singapore
TXN000776,ACC0057,2023-02-15,3926.53,CREDIT,India
TXN000777,ACC0057,2024-02-11,1332.37,CREDIT,USA
TXN000778,ACC0057,2023-04-20,4428.61,CREDIT,USA
TXN000779,ACC0057,2023-07-06,232.64,CREDIT,India
TXN000780,ACC0057,2022-12-31,1138.95,CREDIT,Bangladesh
TXN000781,ACC0057,2022-06-08,764.14,DEBIT,Canada
TXN000782,ACC0057,2024-02-19,1725.52,CREDIT,Singapore
TXN000783,ACC0057,2023-11-30,1145.29,DEBIT,Singapore
TXN000784,ACC0058,2023-08-22,2098.97,CREDIT,Bangladesh
TXN000785,ACC0058,2022-11-01,2386.55,DEBIT,India
TXN000786,ACC0058,2022-04-09,2515.49,DEBIT,Canada
TXN000787,ACC0058,2023-06-07,872.67,DEBIT,USA
TXN000788,ACC0058,2022-09-18,639.67,CREDIT,Canada
TXN000789,ACC0058,2024-02-02,2182.61,DEBIT,Singapore
TXN000790,ACC0058,2023-11-04,1296.85,DEBIT,Canada
TXN000791,ACC0058,2023-04-06,2786.26,CREDIT,Singapore
TXN000792,ACC0058,2022-12-12,2603.24,DEBIT,Singapore
TXN000793,ACC0058,2023-12-03,2942.0,CREDIT,Canada
TXN000794,ACC0058,2023-05-03,756.72,DEBIT,Canada
TXN000795,ACC0058,2023-10-02,3899.93,CREDIT,Singapore
TXN000796,ACC0058,2023-09-04,4401.88,CREDIT,England
TXN000797,ACC0058,2023-04-01,3277.39,CREDIT,Canada
TXN000798,ACC0058,2022-08-28,1384.32,DEBIT,Bangladesh
TXN000799,ACC0058,2023-11-18,3407.26,CREDIT,Canada
TXN000800,ACC0058,2023-04-14,4448.98,CREDIT,UAE
TXN000801,ACC0059,2022-08-17,3731.29,CREDIT,England
TXN000802,ACC0059,2022-07-18,1695.95,CREDIT,England
TXN000803,ACC0059,2023-04-11,4215.8,DEBIT,Singapore
TXN000804,ACC0059,2023-02-16,680.58,CREDIT,Singapore
TXN000805,ACC0059,2023-05-22,1354.41,CREDIT,Bangladesh
TXN000806,ACC0059,2024-04-19,455.54,CREDIT,
TXN000807,ACC0059,2023-08-18,3707.31,CREDIT,Singapore
TXN000808,ACC0059,2022-08-24,2581.2,DEBIT,Canada
TXN000809,ACC0059,2023-05-12,3550.75,CREDIT,USA
TXN000810,ACC0059,2023-12-16,4397.87,DEBIT,USA
TXN000811,ACC0059,2023-01-11,4377.15,DEBIT,Singapore
TXN000812,ACC0059,2022-08-26,1254.96,CREDIT,Canada
TXN000813,ACC0060,2023-03-21,1377.15,CREDIT,Bangladesh
TXN000814,ACC0060,2023-10-10,3180.69,DEBIT,UAE
TXN000815,ACC0060,2022-09-30,1217.27,CREDIT,Bangladesh
TXN000816,ACC0060,2023-11-29,896.14,CREDIT,Bangladesh
TXN000817,ACC0060,2024-03-16,1755.3,DEBIT,Singapore
TXN000818,ACC0060,2023-05-21,3747.32,DEBIT,England
TXN000819,ACC0060,2022-09-27,1938.96,DEBIT,Singapore
TXN000820,ACC0060,2024-04-06,3901.35,DEBIT,Singapore
TXN000821,ACC0060,2023-04-13,3240.43,DEBIT,England
TXN000822,ACC0060,2024-06-27,2053.44,DEBIT,Singapore
TXN000823,ACC0060,2024-07-28,54.4,DEBIT,UAE
TXN000824,ACC0060,2023-02-23,3009.7,DEBIT,USA
TXN000825,ACC0060,2023-05-15,3045.64,CREDIT,UAE
TXN000826,ACC0060,2024-06-18,1384.14,CREDIT,Singapore
TXN000827,ACC0060,2023-08-22,2300.4,DEBIT,India
TXN000828,ACC0060,2023-07-05,3389.21,CREDIT,Bangladesh
TXN000829,ACC0061,2023-09-16,2562.45,CREDIT,Bangladesh
TXN000830,ACC0061,2025-07-02,2972.92,CREDIT,England
TXN000831,ACC0061,2025-08-09,549.44,DEBIT,England
TXN000832,ACC0061,2024-06-18,3206.57,CREDIT,England
TXN000833,ACC0061,2025-07-11,3558.36,CREDIT,USA
TXN000834,ACC0061,2024-02-09,2591.29,DEBIT,Canada
TXN000835,ACC0061,2025-05-15,2026.45,CREDIT,UAE
TXN000836,ACC0061,2024-01-30,3609.2,CREDIT,England
TXN000837,ACC0062,2024-08-06,2028.95,DEBIT,Bangladesh
TXN000838,ACC0062,2025-01-10,4081.91,CREDIT,UAE
TXN000839,ACC0062,2024-01-18,3434.73,CREDIT,UAE
TXN000840,ACC0062,2024-06-06,2541.5,DEBIT,Singapore
TXN000841,ACC0062,2025-04-08,4383.71,DEBIT,England
TXN000842,ACC0062,2023-09-12,2359.2,CREDIT,UAE
TXN000843,ACC0062,2024-12-28,3816.96,DEBIT,UAE
TXN000844,ACC0062,2024-05-13,3275.63,DEBIT,England
TXN000845,ACC0062,2024-01-19,3723.61,CREDIT,India
TXN000846,ACC0062,2024-05-09,1864.7,CREDIT,India
TXN000847,ACC0062,2023-10-03,2357.98,DEBIT,India
TXN000848,ACC0062,2023-12-21,2507.38,CREDIT,Bangladesh
TXN000849,ACC0062,2024-04-05,2071.41,DEBIT,
TXN000850,ACC0063,2024-05-04,2051.87,CREDIT,USA
TXN000851,ACC0063,2024-04-07,4313.35,DEBIT,Singapore
TXN000852,ACC0063,2023-08-10,2443.03,DEBIT,England
TXN000853,ACC0063,2025-02-27,299.49,CREDIT,England
TXN000854,ACC0063,2023-12-20,3808.35,DEBIT,Bangladesh
TXN000855,ACC0063,2023-10-29,2452.99,DEBIT,USA
TXN000856,ACC0063,2025-02-07,2174.22,CREDIT,India
TXN000857,ACC0063,2024-08-01,4826.99,CREDIT,Canada
TXN000858,ACC0063,2023-06-27,2673.58,CREDIT,Canada
TXN000859,ACC0063,2024-04-13,3786.67,DEBIT,Canada
TXN000860,ACC0063,2025-04-11,30.58,DEBIT,USA
TXN000861,ACC0064,2022-02-17,653.36,CREDIT,Bangladesh
TXN000862,ACC0064,2022-11-27,1537.51,DEBIT,Singapore
TXN000863,ACC0064,2021-05-20,1498.03,CREDIT,India
TXN000864,ACC0064,2022-09-18,2985.89,CREDIT,India
TXN000865,ACC0064,2021-08-19,1720.24,CREDIT,England
TXN000866,ACC0064,2021-10-13,832.77,CREDIT,Canada
TXN000867,ACC0064,2021-11-23,1129.36,DEBIT,USA
TXN000868,ACC0064,2021-04-26,2952.57,DEBIT,Canada
TXN000869,ACC0064,2022-04-14,3558.44,DEBIT,India
TXN000870,ACC0064,2023-01-19,1286.39,DEBIT,Bangladesh
TXN000871,ACC0064,2021-05-23,3313.23,DEBIT,Canada
TXN000872,ACC0064,2021-07-31,2089.71,CREDIT,Canada
TXN000873,ACC0064,2022-10-16,1271.16,DEBIT,USA
TXN000874,ACC0064,2023-01-09,56.43,CREDIT,UAE
TXN000875,ACC0064,2021-07-16,3315.79,CREDIT,Bangladesh
TXN000876,ACC0064,2022-12-15,3506.62,CREDIT,Singapore
TXN000877,ACC0065,2022-09-05,3596.64,DEBIT,England
TXN000878,ACC0065,2021-07-25,3925.95,CREDIT,USA
TXN000879,ACC0065,2022-12-14,1006.75,CREDIT,Singapore
TXN000880,ACC0065,2022-09-17,4865.87,CREDIT,UAE
TXN000881,ACC0065,2022-05-24,1483.8,DEBIT,Bangladesh
TXN000882,ACC0065,2022-08-21,4552.68,CREDIT,England
TXN000883,ACC0065,2021-11-26,23.66,DEBIT,Canada
TXN000884,ACC0065,2022-11-08,3348.42,DEBIT,Canada
TXN000885,ACC0066,2022-07-18,3620.58,DEBIT,England
TXN000886,ACC0066,2024-02-21,1163.49,CREDIT,England
TXN000887,ACC0066,2023-08-21,259.9,DEBIT,Singapore
TXN000888,ACC0066,2022-06-12,4262.72,CREDIT,Singapore
TXN000889,ACC0066,2024-03-26,1570.41,DEBIT,Canada
TXN000890,ACC0066,2022-06-18,58.26,DEBIT,UAE
TXN000891,ACC0066,2024-02-24,860.86,CREDIT,India
TXN000892,ACC0066,2024-01-29,1348.86,DEBIT,England
TXN000893,ACC0066,2023-04-18,922.52,CREDIT,India
TXN000894,ACC0066,2023-08-13,1366.45,CREDIT,UAE
TXN000895,ACC0066,2023-09-04,4001.5,DEBIT,Canada
TXN000896,ACC0066,2022-09-15,3483.89,DEBIT,Singapore
TXN000897,ACC0066,2022-10-13,527.53,CREDIT,Singapore
TXN000898,ACC0066,2023-12-06,3395.18,DEBIT,Bangladesh
TXN000899,ACC0066,2023-05-26,3898.03,DEBIT,Singapore
TXN000900,ACC0066,2024-04-02,4400.95,DEBIT,India
TXN000901,ACC0066,2023-09-14,573.56,CREDIT,India
TXN000902,ACC0066,2022-06-19,326.05,CREDIT,Canada
TXN000903,ACC0066,2024-03-27,2628.84,DEBIT,UAE
TXN000904,ACC0066,2023-04-14,2600.31,DEBIT,India
TXN000905,ACC0066,2024-03-10,3635.99,CREDIT,England
TXN000906,ACC0067,2023-08-14,751.79,DEBIT,Canada
TXN000907,ACC0067,2024-05-04,4672.51,CREDIT,Singapore
TXN000908,ACC0067,2023-12-05,4348.38,DEBIT,Singapore
TXN000909,ACC0067,2023-12-01,1609.96,CREDIT,England
TXN000910,ACC0067,2022-09-05,2539.58,CREDIT,India
TXN000911,ACC0067,2023-03-13,403.36,CREDIT,Singapore
TXN000912,ACC0067,2024-02-22,2246.01,CREDIT,India
TXN000913,ACC0067,2023-06-04,602.35,CREDIT,UAE
TXN000914,ACC0067,2024-05-15,98.67,CREDIT,India
TXN000915,ACC0067,2022-08-21,2790.08,DEBIT,Singapore
TXN000916,ACC0067,2022-10-17,3961.0,CREDIT,Bangladesh
TXN000917,ACC0067,2024-02-11,1042.19,CREDIT,England
TXN000918,ACC0067,2023-07-23,4128.3,DEBIT,Singapore
TXN000919,ACC0067,2023-10-24,1666.54,CREDIT,UAE
TXN000920,ACC0067,2024-05-18,1822.84,CREDIT,Canada
TXN000921,ACC0067,2022-10-23,3799.01,DEBIT,Canada
TXN000922,ACC0067,2023-06-30,1782.14,CREDIT,Bangladesh
TXN000923,ACC0067,2024-01-01,1875.71,DEBIT,Canada
TXN000924,ACC0067,2022-12-31,2467.19,CREDIT,Canada
TXN000925,ACC0067,2023-04-02,3058.15,DEBIT,Canada
TXN000926,ACC0067,2023-08-22,1085.79,DEBIT,UAE
TXN000927,ACC0067,2023-06-27,547.75,CREDIT,Canada
TXN000928,ACC0067,2024-04-24,4188.96,DEBIT,Singapore
TXN000929,ACC0067,2023-10-20,2292.37,DEBIT,India
TXN000930,ACC0067,2022-07-20,2656.52,DEBIT,Bangladesh
TXN000931,ACC0068,2025-03-03,2419.83,DEBIT,UAE
TXN000932,ACC0068,2025-02-24,876.51,DEBIT,Canada
TXN000933,ACC0068,2024-08-12,3291.03,CREDIT,Bangladesh
TXN000934,ACC0068,2024-08-09,2099.14,DEBIT,England
TXN000935,ACC0068,2024-08-23,4818.33,CREDIT,India
TXN000936,ACC0068,2023-11-26,699.52,CREDIT,Singapore
TXN000937,ACC0068,2025-01-23,4304.93,DEBIT,USA
TXN000938,ACC0068,2024-02-12,3124.6,CREDIT,UAE
TXN000939,ACC0068,2024-06-30,4606.75,DEBIT,UAE
TXN000940,ACC0068,2025-05-08,4876.15,DEBIT,Bangladesh
TXN000941,ACC0068,2025-01-18,3474.62,CREDIT,UAE
TXN000942,ACC0068,2023-11-08,3806.27,CREDIT,Bangladesh
TXN000943,ACC0068,2025-02-16,4713.94,CREDIT,UAE
TXN000944,ACC0068,2025-01-09,1436.78,CREDIT,Singapore
TXN000945,ACC0068,2023-07-26,2618.42,DEBIT,India
TXN000946,ACC0068,2023-12-08,274.79,DEBIT,USA
TXN000947,ACC0068,2024-04-11,3753.42,DEBIT,England
TXN000948,ACC0068,2025-06-11,1260.3,DEBIT,UAE
TXN000949,ACC0069,2024-01-28,3770.43,DEBIT,England
TXN000950,ACC0069,2024-10-09,521.38,DEBIT,UAE
TXN000951,ACC0069,2025-04-26,2810.74,DEBIT,Bangladesh
TXN000952,ACC0069,2024-04-23,3467.75,DEBIT,India
TXN000953,ACC0069,2024-08-03,2088.67,CREDIT,Bangladesh
TXN000954,ACC0069,2023-08-28,74.7,CREDIT,USA
TXN000955,ACC0069,2025-03-30,4345.56,CREDIT,Singapore
TXN000956,ACC0069,2024-02-19,4558.32,CREDIT,Singapore
TXN000957,ACC0069,2025-02-25,2737.61,DEBIT,Singapore
TXN000958,ACC0069,2024-01-18,1477.95,DEBIT,UAE
TXN000959,ACC0069,2023-09-18,943.01,DEBIT,UAE
TXN000960,ACC0069,2024-12-11,605.58,DEBIT,India
TXN000961,ACC0069,2024-04-14,2787.43,DEBIT,USA
TXN000962,ACC0069,2025-02-21,4231.61,DEBIT,England
TXN000963,ACC0070,2023-12-09,209.3,CREDIT,Bangladesh
TXN000964,ACC0070,2023-08-25,3870.57,CREDIT,India
TXN000965,ACC0070,2025-02-09,2755.3,DEBIT,Singapore
TXN000966,ACC0070,2024-05-24,2631.72,DEBIT,Bangladesh
TXN000967,ACC0070,2023-09-11,3933.43,DEBIT,India
TXN000968,ACC0070,2025-01-10,2689.81,DEBIT,England
TXN000969,ACC0070,2024-02-15,4418.15,CREDIT,England
TXN000970,ACC0070,2024-07-07,1474.94,CREDIT,Bangladesh
TXN000971,ACC0070,2025-04-28,53.93,CREDIT,India
TXN000972,ACC0070,2024-03-06,4523.44,DEBIT,Canada
TXN000973,ACC0070,2025-06-01,4429.44,CREDIT,Singapore
TXN000974,ACC0070,2023-10-28,1935.52,CREDIT,Canada
TXN000975,ACC0070,2024-12-14,4112.32,CREDIT,Bangladesh
TXN000976,ACC0070,2024-12-05,2233.33,DEBIT,England
TXN000977,ACC0070,2025-05-01,970.64,DEBIT,Canada
TXN000978,ACC0070,2023-12-22,4858.43,DEBIT,UAE
TXN000979,ACC0070,2023-09-09,1061.8,DEBIT,Singapore
TXN000980,ACC0070,2024-09-10,4179.97,DEBIT,Bangladesh
TXN000981,ACC0070,2024-09-21,3236.34,DEBIT,UAE
TXN000982,ACC0071,2023-04-28,2301.53,CREDIT,Canada
TXN000983,ACC0071,2023-07-02,375.51,DEBIT,Singapore
TXN000984,ACC0071,2023-12-17,2794.84,DEBIT,England
TXN000985,ACC0071,2024-05-25,1946.28,CREDIT,India
TXN000986,ACC0071,2024-02-21,94.29,DEBIT,Bangladesh
TXN000987,ACC0071,2023-04-10,3210.7,DEBIT,Singapore
TXN000988,ACC0071,2024-11-23,237.13,DEBIT,England
TXN000989,ACC0071,2024-08-30,539.62,CREDIT,Bangladesh
TXN000990,ACC0071,2023-07-01,1414.77,CREDIT,India
TXN000991,ACC0072,2023-10-29,163.79,DEBIT,Bangladesh
TXN000992,ACC0072,2022-08-04,690.54,CREDIT,Singapore
TXN000993,ACC0072,2023-07-03,1481.94,DEBIT,England
TXN000994,ACC0072,2023-11-15,4436.02,CREDIT,Canada
TXN000995,ACC0072,2023-07-11,4375.09,DEBIT,Canada
TXN000996,ACC0072,2022-02-02,35.1,CREDIT,Bangladesh
TXN000997,ACC0072,2023-07-05,4735.43,CREDIT,USA
TXN000998,ACC0072,2022-12-09,1066.57,DEBIT,USA
TXN000999,ACC0072,2022-06-28,1111.73,CREDIT,USA
TXN001000,ACC0072,2022-04-18,914.98,DEBIT,Singapore
TXN001001,ACC0072,2023-07-07,2311.71,DEBIT,England
TXN001002,ACC0072,2023-11-09,346.14,DEBIT,USA
TXN001003,ACC0072,2023-08-08,2441.08,CREDIT,England
TXN001004,ACC0072,2022-05-02,3359.76,DEBIT,Canada
TXN001005,ACC0072,2022-10-09,3101.38,DEBIT,England
TXN001006,ACC0072,2023-05-03,2258.72,CREDIT,UAE
TXN001007,ACC0072,2023-08-12,770.45,CREDIT,Singapore
TXN001008,ACC0073,2023-03-23,851.51,CREDIT,USA
TXN001009,ACC0073,2022-08-23,3563.87,CREDIT,England
TXN001010,ACC0073,2023-01-12,680.19,CREDIT,India
TXN001011,ACC0073,2023-04-27,2232.34,CREDIT,India
TXN001012,ACC0073,2023-07-27,553.07,DEBIT,Singapore
TXN001013,ACC0073,2022-10-23,4294.98,DEBIT,Bangladesh
TXN001014,ACC0073,2022-07-29,1323.54,DEBIT,UAE
TXN001015,ACC0073,2022-03-27,4461.6,DEBIT,Singapore
TXN001016,ACC0073,2023-08-27,2898.71,DEBIT,Canada
TXN001017,ACC0073,2023-07-27,1310.48,CREDIT,UAE
TXN001018,ACC0073,2022-06-10,1835.43,DEBIT,Singapore
TXN001019,ACC0073,2023-09-04,3668.8,CREDIT,USA
TXN001020,ACC0073,2023-04-29,2510.6,DEBIT,India
TXN001021,ACC0073,2023-01-16,2515.81,DEBIT,Singapore
TXN001022,ACC0073,2023-09-29,3423.97,DEBIT,India
TXN001023,ACC0074,2022-05-04,2836.12,DEBIT,UAE
TXN001024,ACC0074,2023-03-12,4696.48,DEBIT,USA
TXN001025,ACC0074,2023-03-16,1166.43,CREDIT,England
TXN001026,ACC0074,2022-06-29,223.61,DEBIT,Bangladesh
TXN001027,ACC0074,2022-11-06,1946.58,CREDIT,Canada
TXN001028,ACC0074,2021-12-12,4903.14,CREDIT,Canada
TXN001029,ACC0074,2023-04-19,3171.5,CREDIT,Singapore
TXN001030,ACC0074,2022-07-29,2897.37,DEBIT,India
TXN001031,ACC0074,2023-09-02,1898.81,DEBIT,Bangladesh
TXN001032,ACC0074,2022-07-17,1887.88,DEBIT,Bangladesh
TXN001033,ACC0075,2022-03-09,4088.01,CREDIT,India
TXN001034,ACC0075,2022-07-19,4436.99,DEBIT,Bangladesh
TXN001035,ACC0075,2021-08-02,2205.09,DEBIT,Canada
TXN001036,ACC0075,2022-08-21,3220.95,DEBIT,USA
TXN001037,ACC0075,2021-09-20,795.21,DEBIT,UAE
TXN001038,ACC0075,2021-11-03,2078.92,CREDIT,UAE
TXN001039,ACC0075,2021-07-07,2412.77,CREDIT,India
TXN001040,ACC0075,2021-10-14,2958.05,CREDIT,Canada
TXN001041,ACC0075,2021-11-17,225.29,DEBIT,USA
TXN001042,ACC0075,2022-12-17,2568.09,DEBIT,Canada
TXN001043,ACC0075,2021-08-30,1298.72,DEBIT,Bangladesh
TXN001044,ACC0075,2022-05-02,3000.79,DEBIT,UAE
TXN001045,ACC0075,2023-01-19,4108.3,DEBIT,USA
TXN001046,ACC0075,2022-06-15,3036.56,CREDIT,Singapore
TXN001047,ACC0075,2022-07-19,861.13,CREDIT,Bangladesh
TXN001048,ACC0075,2021-08-06,3975.13,DEBIT,Bangladesh
TXN001049,ACC0075,2023-01-17,2558.92,DEBIT,UAE
TXN001050,ACC0076,2024-06-06,2986.7,DEBIT,USA
TXN001051,ACC0076,2024-03-21,1933.45,DEBIT,Canada
TXN001052,ACC0076,2023-09-23,2618.33,CREDIT,Singapore
TXN001053,ACC0076,2023-07-31,3031.5,DEBIT,India
TXN001054,ACC0076,2024-11-18,3003.07,DEBIT,Canada
TXN001055,ACC0076,2024-07-05,3300.37,DEBIT,Singapore
TXN001056,ACC0076,2025-01-22,3249.67,CREDIT,England
TXN001057,ACC0076,2023-04-13,3491.24,CREDIT,USA
TXN001058,ACC0076,2024-07-05,3949.88,CREDIT,England
TXN001059,ACC0076,2024-10-23,4025.06,DEBIT,India
TXN001060,ACC0076,2023-07-15,1280.04,DEBIT,Singapore
TXN001061,ACC0076,2023-05-24,1423.5,CREDIT,England
TXN001062,ACC0076,2023-09-09,37.29,DEBIT,Bangladesh
TXN001063,ACC0076,2024-08-16,597.96,DEBIT,India
TXN001064,ACC0076,2024-12-29,1035.04,CREDIT,India
TXN001065,ACC0077,2023-07-19,782.35,CREDIT,England
TXN001066,ACC0077,2024-09-30,2123.57,CREDIT,Bangladesh
TXN001067,ACC0077,2024-01-08,4959.08,CREDIT,Singapore
TXN001068,ACC0077,2023-10-26,2072.01,CREDIT,USA
TXN001069,ACC0077,2024-04-14,2799.88,CREDIT,England
TXN001070,ACC0077,2024-02-09,2892.48,CREDIT,UAE
TXN001071,ACC0077,2023-08-20,4276.44,DEBIT,UAE
TXN001072,ACC0077,2023-11-22,2238.51,DEBIT,Canada
TXN001073,ACC0077,2023-11-06,2546.63,CREDIT,Singapore
TXN001074,ACC0077,2024-10-15,3073.99,DEBIT,USA
TXN001075,ACC0077,2024-05-03,4823.21,DEBIT,Singapore
TXN001076,ACC0077,2023-07-03,4118.04,CREDIT,Bangladesh
TXN001077,ACC0077,2024-06-19,449.82,CREDIT,USA
TXN001078,ACC0077,2024-04-14,409.4,DEBIT,UAE
TXN001079,ACC0077,2024-04-28,4654.12,CREDIT,Bangladesh
TXN001080,ACC0077,2025-01-31,2609.82,DEBIT,Singapore
TXN001081,ACC0078,2025-05-30,2476.9,DEBIT,USA
TXN001082,ACC0078,2025-06-16,4654.48,CREDIT,USA
TXN001083,ACC0078,2023-09-17,3921.96,DEBIT,Bangladesh
TXN001084,ACC0078,2024-02-03,3373.38,CREDIT,USA
TXN001085,ACC0078,2025-06-14,11.43,DEBIT,Canada
TXN001086,ACC0078,2024-05-22,3900.57,CREDIT,UAE
TXN001087,ACC0078,2024-09-21,2033.2,DEBIT,Bangladesh
TXN001088,ACC0078,2023-08-29,3687.26,DEBIT,Canada
TXN001089,ACC0078,2025-02-26,1429.62,CREDIT,England
TXN001090,ACC0078,2024-05-23,1139.21,DEBIT,India
TXN001091,ACC0079,2025-03-12,33.21,DEBIT,India
TXN001092,ACC0079,2025-01-01,541.26,DEBIT,Bangladesh
TXN001093,ACC0079,2024-05-29,1706.43,DEBIT,Singapore
TXN001094,ACC0079,2025-01-08,4783.98,CREDIT,UAE
TXN001095,ACC0079,2024-10-28,4830.62,CREDIT,Singapore
TXN001096,ACC0079,2024-04-07,3789.79,CREDIT,UAE
TXN001097,ACC0079,2024-11-15,4483.65,DEBIT,India
TXN001098,ACC0079,2023-11-29,1296.52,CREDIT,UAE
TXN001099,ACC0079,2024-03-14,3387.8,DEBIT,Singapore
TXN001100,ACC0079,2024-06-20,2068.01,CREDIT,Bangladesh
TXN001101,ACC0079,2025-01-31,58.52,CREDIT,USA
TXN001102,ACC0079,2024-05-22,474.12,CREDIT,Canada
TXN001103,ACC0079,2025-02-19,4657.67,CREDIT,England
TXN001104,ACC0079,2024-07-29,1100.65,CREDIT,USA
TXN001105,ACC0079,2025-07-01,4651.97,DEBIT,India
TXN001106,ACC0079,2024-02-22,1181.96,DEBIT,Singapore
TXN001107,ACC0079,2024-04-29,1041.83,DEBIT,Singapore
TXN001108,ACC0080,2025-06-02,1786.58,DEBIT,Canada
TXN001109,ACC0080,2023-11-27,3382.3,CREDIT,Bangladesh
TXN001110,ACC0080,2023-09-14,3823.58,DEBIT,Singapore
TXN001111,ACC0080,2025-01-13,1862.27,CREDIT,India
TXN001112,ACC0080,2025-04-18,4345.16,CREDIT,USA
TXN001113,ACC0080,2025-02-12,1408.53,DEBIT,Singapore
TXN001114,ACC0080,2025-04-20,649.95,CREDIT,India
TXN001115,ACC0080,2025-03-14,172.49,CREDIT,India
TXN001116,ACC0080,2024-03-04,2291.41,DEBIT,UAE
TXN001117,ACC0080,2025-02-19,2305.75,DEBIT,Canada
TXN001118,ACC0080,2025-07-29,1061.65,DEBIT,England
TXN001119,ACC0080,2024-09-12,3067.76,CREDIT,USA
TXN001120,ACC0081,2023-07-06,1193.32,CREDIT,Bangladesh
TXN001121,ACC0081,2023-09-26,1835.96,CREDIT,India
TXN001122,ACC0081,2023-05-13,2101.27,CREDIT,England
TXN001123,ACC0081,2023-11-24,1405.35,DEBIT,Bangladesh
TXN001124,ACC0081,2023-02-21,4896.57,DEBIT,Singapore
TXN001125,ACC0081,2023-01-20,3606.87,DEBIT,Bangladesh
TXN001126,ACC0081,2023-12-26,4282.98,DEBIT,USA
TXN001127,ACC0081,2023-03-12,2370.21,DEBIT,USA
TXN001128,ACC0081,2023-12-15,2502.99,CREDIT,Singapore
TXN001129,ACC0081,2024-02-20,1507.17,DEBIT,India
TXN001130,ACC0081,2023-01-19,3455.81,DEBIT,USA
TXN001131,ACC0081,2023-06-27,2387.93,DEBIT,India
TXN001132,ACC0081,2023-09-17,1306.25,CREDIT,Bangladesh
TXN001133,ACC0081,2024-05-02,4659.9,CREDIT,England
TXN001134,ACC0081,2022-10-30,2064.69,CREDIT,Singapore
TXN001135,ACC0081,2024-09-04,4815.95,DEBIT,Bangladesh
TXN001136,ACC0081,2024-05-21,3252.83,DEBIT,Singapore
TXN001137,ACC0081,2023-07-28,1781.99,CREDIT,Singapore
TXN001138,ACC0081,2024-01-10,4449.27,CREDIT,Bangladesh
TXN001139,ACC0081,2023-07-30,2324.12,DEBIT,Singapore
TXN001140,ACC0081,2023-03-30,3206.5,CREDIT,India
TXN001141,ACC0081,2024-07-17,3065.43,CREDIT,Singapore
TXN001142,ACC0082,2023-01-23,818.38,DEBIT,England
TXN001143,ACC0082,2023-09-23,3268.54,CREDIT,Bangladesh
TXN001144,ACC0082,2024-08-24,16750.24,CREDIT,Singapore
TXN001145,ACC0082,2023-11-09,3742.0,CREDIT,India
TXN001146,ACC0082,2023-04-23,927.59,DEBIT,USA
TXN001147,ACC0082,2023-07-01,3313.49,DEBIT,USA
TXN001148,ACC0082,2023-04-22,1991.26,DEBIT,Canada
TXN001149,ACC0083,2024-06-10,278.59,CREDIT,Bangladesh
TXN001150,ACC0083,2023-02-20,528.6,DEBIT,Canada
TXN001151,ACC0083,2024-09-27,4658.63,CREDIT,England
TXN001152,ACC0083,2023-07-19,1244.51,CREDIT,India
TXN001153,ACC0083,2024-08-29,640.79,DEBIT,Canada
TXN001154,ACC0083,2023-01-01,3321.11,CREDIT,Singapore
TXN001155,ACC0083,2024-03-28,2341.3,CREDIT,Bangladesh
TXN001156,ACC0083,2024-02-25,684.22,DEBIT,Bangladesh
TXN001157,ACC0083,2024-07-30,2288.15,CREDIT,Bangladesh
TXN001158,ACC0083,2024-09-12,3201.25,CREDIT,England
TXN001159,ACC0083,2024-04-03,2702.94,DEBIT,India
TXN001160,ACC0083,2023-10-08,1835.26,CREDIT,USA
TXN001161,ACC0083,2023-10-03,62.67,DEBIT,England
TXN001162,ACC0083,2023-09-16,2351.3,DEBIT,UAE
TXN001163,ACC0083,2024-04-13,4735.32,CREDIT,England
TXN001164,ACC0083,2022-12-06,3831.69,CREDIT,Bangladesh
TXN001165,ACC0083,2023-07-21,3985.87,CREDIT,USA
TXN001166,ACC0083,2024-01-22,4411.99,CREDIT,India
TXN001167,ACC0083,2023-08-09,824.71,CREDIT,Singapore
TXN001168,ACC0083,2023-12-19,1110.76,DEBIT,India
TXN001169,ACC0084,2023-10-23,46273.79,CREDIT,England
TXN001170,ACC0084,2024-12-15,3717.21,CREDIT,India
TXN001171,ACC0084,2023-08-31,4268.88,DEBIT,USA
TXN001172,ACC0084,2023-12-13,560.68,CREDIT,Bangladesh
TXN001173,ACC0084,2024-05-28,1367.95,CREDIT,USA
TXN001174,ACC0084,2024-01-14,106.78,DEBIT,Bangladesh
TXN001175,ACC0084,2023-03-14,937.83,DEBIT,England
TXN001176,ACC0084,2023-11-22,633.95,CREDIT,UAE
TXN001177,ACC0084,2023-02-28,1171.72,DEBIT,Canada
TXN001178,ACC0084,2024-07-09,1093.77,CREDIT,England
TXN001179,ACC0084,2024-07-14,4989.84,CREDIT,UAE
TXN001180,ACC0084,2023-03-24,1657.94,DEBIT,Canada
TXN001181,ACC0084,2023-11-19,3880.51,DEBIT,Bangladesh
TXN001182,ACC0084,2024-06-15,916.2,CREDIT,Singapore
TXN001183,ACC0084,2024-03-16,4142.98,DEBIT,Singapore
TXN001184,ACC0084,2023-11-01,1930.14,CREDIT,USA
TXN001185,ACC0084,2023-03-26,1003.91,DEBIT,Bangladesh
TXN001186,ACC0084,2025-01-01,4910.76,CREDIT,India
TXN001187,ACC0084,2025-01-17,4806.46,CREDIT,USA
TXN001188,ACC0084,2024-11-25,3643.9,DEBIT,England
TXN001189,ACC0084,2024-06-26,3196.21,DEBIT,England
TXN001190,ACC0084,2023-04-14,4319.65,DEBIT,Canada
TXN001191,ACC0084,2023-10-19,3168.22,CREDIT,Canada
TXN001192,ACC0084,2023-08-10,3974.01,DEBIT,India
TXN001193,ACC0084,2023-10-26,54.56,DEBIT,Bangladesh
TXN001194,ACC0085,2024-11-17,783.41,DEBIT,USA
TXN001195,ACC0085,2023-08-26,2504.6,CREDIT,Singapore
TXN001196,ACC0085,2024-12-17,309.66,CREDIT,UAE
TXN001197,ACC0085,2023-08-22,3509.63,DEBIT,USA
TXN001198,ACC0085,2024-07-29,1171.05,CREDIT,Singapore
TXN001199,ACC0085,2024-06-09,3668.61,DEBIT,UAE
TXN001200,ACC0085,2024-04-07,1797.26,DEBIT,England
TXN001201,ACC0085,2023-04-27,2431.66,CREDIT,Bangladesh
TXN001202,ACC0085,2024-01-13,2718.24,CREDIT,USA
TXN001203,ACC0085,2024-10-18,941.27,CREDIT,England
TXN001204,ACC0085,2024-07-09,1383.87,DEBIT,Canada
TXN001205,ACC0085,2024-09-11,783.58,CREDIT,Singapore
TXN001206,ACC0085,2023-12-12,2712.61,CREDIT,Canada
TXN001207,ACC0085,2024-12-30,2534.73,DEBIT,Canada
TXN001208,ACC0085,2024-12-11,4285.58,DEBIT,England
TXN001209,ACC0085,2023-05-21,3294.86,CREDIT,USA
TXN001210,ACC0085,2024-09-04,3419.29,DEBIT,Bangladesh
TXN001211,ACC0085,2024-01-01,1619.77,CREDIT,Canada
TXN001212,ACC0085,2023-06-24,2620.77,DEBIT,Canada
TXN001213,ACC0085,2023-07-28,901.41,DEBIT,USA
TXN001214,ACC0086,2025-03-01,966.17,DEBIT,Bangladesh
TXN001215,ACC0086,2025-08-08,4183.13,CREDIT,Bangladesh
TXN001216,ACC0086,2025-07-20,3509.56,CREDIT,Canada
TXN001217,ACC0086,2024-10-30,1111.41,DEBIT,Canada
TXN001218,ACC0086,2024-05-21,3282.19,DEBIT,India
TXN001219,ACC0086,2025-08-05,312.89,CREDIT,Singapore
TXN001220,ACC0086,2024-11-01,3973.31,DEBIT,Singapore
TXN001221,ACC0086,2025-07-13,1336.42,DEBIT,UAE
TXN001222,ACC0087,2024-07-31,398.9,DEBIT,Bangladesh
TXN001223,ACC0087,2024-01-01,515.11,DEBIT,Bangladesh
TXN001224,ACC0087,2024-10-22,955.41,DEBIT,Bangladesh
TXN001225,ACC0087,2025-06-25,4738.04,CREDIT,UAE
TXN001226,ACC0087,2024-01-10,3833.75,CREDIT,UAE
TXN001227,ACC0087,2025-01-05,3515.73,CREDIT,Canada
TXN001228,ACC0087,2024-03-12,3964.38,CREDIT,Bangladesh
TXN001229,ACC0088,2025-06-29,799.3,CREDIT,England
TXN001230,ACC0088,2024-07-13,2754.91,CREDIT,Singapore
TXN001231,ACC0088,2024-09-09,2067.59,CREDIT,Singapore
TXN001232,ACC0088,2024-07-22,3045.98,DEBIT,India
TXN001233,ACC0088,2025-03-11,4631.47,CREDIT,England
TXN001234,ACC0088,2024-12-01,2243.02,CREDIT,Canada
TXN001235,ACC0088,2023-09-30,4914.95,DEBIT,Bangladesh
TXN001236,ACC0088,2024-01-11,4967.13,CREDIT,Canada
TXN001237,ACC0088,2024-06-28,4922.13,DEBIT,Singapore
TXN001238,ACC0088,2024-07-13,118.29,CREDIT,Bangladesh
TXN001239,ACC0088,2025-01-30,2786.05,DEBIT,Canada
TXN001240,ACC0088,2023-10-03,2307.25,DEBIT,USA
TXN001241,ACC0088,2024-05-23,1841.74,DEBIT,USA
TXN001242,ACC0088,2024-05-14,4057.26,DEBIT,Bangladesh
TXN001243,ACC0088,2024-10-08,2849.63,DEBIT,UAE
TXN001244,ACC0089,2023-07-06,3966.59,DEBIT,India
TXN001245,ACC0089,2024-03-20,4099.38,DEBIT,Bangladesh
TXN001246,ACC0089,2024-05-26,1508.96,CREDIT,Canada
TXN001247,ACC0089,2022-10-04,4610.14,CREDIT,England
TXN001248,ACC0089,2023-10-26,2088.44,DEBIT,Singapore
TXN001249,ACC0089,2023-03-28,3740.92,DEBIT,UAE
TXN001250,ACC0089,2024-05-16,1918.61,CREDIT,Bangladesh
TXN001251,ACC0090,2023-06-11,2704.25,DEBIT,England
TXN001252,ACC0090,2023-12-16,3491.87,DEBIT,Canada
TXN001253,ACC0090,2024-06-08,3660.58,CREDIT,India
TXN001254,ACC0090,2024-03-20,27156.13,DEBIT,USA
TXN001255,ACC0090,2023-10-05,1456.02,CREDIT,USA
TXN001256,ACC0090,2022-12-02,1687.48,CREDIT,Bangladesh
TXN001257,ACC0091,2024-03-03,2001.96,DEBIT,India
TXN001258,ACC0091,2024-01-15,2178.11,DEBIT,Singapore
TXN001259,ACC0091,2023-01-05,2409.8,DEBIT,India
TXN001260,ACC0091,2023-09-28,3264.72,DEBIT,Bangladesh
TXN001261,ACC0091,2024-05-11,4985.42,DEBIT,USA
TXN001262,ACC0091,2022-11-01,1338.62,CREDIT,England
TXN001263,ACC0092,2023-10-16,571.52,CREDIT,India
TXN001264,ACC0092,2024-07-25,1748.06,CREDIT,England
TXN001265,ACC0092,2025-03-16,3280.5,CREDIT,USA
TXN001266,ACC0092,2024-07-09,3084.94,CREDIT,Bangladesh
TXN001267,ACC0092,2023-12-13,2207.91,DEBIT,USA
TXN001268,ACC0092,2024-08-02,788.4,DEBIT,Canada
TXN001269,ACC0092,2023-09-10,1222.81,DEBIT,Singapore
TXN001270,ACC0092,2024-05-06,78.53,DEBIT,England
TXN001271,ACC0092,2024-10-19,2361.24,CREDIT,USA
TXN001272,ACC0092,2025-01-17,1067.26,CREDIT,Bangladesh
TXN001273,ACC0092,2024-11-22,3118.98,DEBIT,UAE
TXN001274,ACC0092,2025-05-31,101.76,DEBIT,England
TXN001275,ACC0092,2024-01-07,309.95,DEBIT,Singapore
TXN001276,ACC0092,2025-04-09,1363.69,CREDIT,UAE
TXN001277,ACC0092,2023-07-25,342.32,CREDIT,UAE
TXN001278,ACC0092,2025-05-22,1807.49,DEBIT,Canada
TXN001279,ACC0092,2024-05-11,4338.38,CREDIT,USA
TXN001280,ACC0092,2024-08-09,2547.62,DEBIT,England
TXN001281,ACC0092,2024-11-24,4335.2,DEBIT,USA
TXN001282,ACC0092,2024-02-05,2508.25,CREDIT,Bangladesh
TXN001283,ACC0092,2023-08-08,208.36,CREDIT,England
TXN001284,ACC0092,2024-11-29,1973.07,DEBIT,Canada
TXN001285,ACC0092,2024-07-06,3424.71,CREDIT,UAE
TXN001286,ACC0093,2024-02-18,4980.01,CREDIT,Singapore
TXN001287,ACC0093,2023-08-24,3132.7,CREDIT,Singapore
TXN001288,ACC0093,2023-07-22,4721.24,CREDIT,USA
TXN001289,ACC0093,2023-11-24,1715.51,CREDIT,UAE
TXN001290,ACC0093,2023-11-09,448.1,CREDIT,Bangladesh
TXN001291,ACC0093,2025-05-16,3066.12,DEBIT,India
TXN001292,ACC0093,2024-02-23,2868.76,CREDIT,England
TXN001293,ACC0093,2025-03-02,1653.13,DEBIT,USA
TXN001294,ACC0093,2025-04-20,701.5,DEBIT,Singapore
TXN001295,ACC0093,2023-11-10,1551.9,DEBIT,India
TXN001296,ACC0093,2023-11-17,3284.6,DEBIT,England
TXN001297,ACC0093,2023-08-30,2791.13,DEBIT,USA
TXN001298,ACC0093,2024-05-12,4199.22,DEBIT,UAE
TXN001299,ACC0093,2023-07-22,3829.52,CREDIT,India
TXN001300,ACC0094,2024-11-13,3730.59,CREDIT,USA
TXN001301,ACC0094,2024-02-26,542.79,DEBIT,Canada
TXN001302,ACC0094,2025-05-05,3088.56,DEBIT,Bangladesh
TXN001303,ACC0094,2024-04-11,1162.25,DEBIT,England
TXN001304,ACC0094,2023-11-07,3443.83,CREDIT,USA
TXN001305,ACC0094,2025-01-13,4232.23,CREDIT,UAE
TXN001306,ACC0094,2025-06-13,1876.06,CREDIT,India
TXN001307,ACC0094,2024-12-15,696.19,DEBIT,USA
TXN001308,ACC0094,2023-09-20,2048.86,DEBIT,England
TXN001309,ACC0094,2024-10-13,1120.55,DEBIT,Singapore
TXN001310,ACC0094,2024-03-14,340.02,CREDIT,Singapore
TXN001311,ACC0094,2025-05-10,2454.82,CREDIT,Singapore
TXN001312,ACC0094,2024-11-28,4439.06,CREDIT,India
TXN001313,ACC0094,2023-09-29,3043.57,CREDIT,UAE
TXN001314,ACC0095,2022-12-31,3061.41,DEBIT,Bangladesh
TXN001315,ACC0095,2022-03-14,2263.53,DEBIT,USA
TXN001316,ACC0095,2023-05-08,2693.97,DEBIT,Bangladesh
TXN001317,ACC0095,2022-12-24,2585.47,DEBIT,USA
TXN001318,ACC0095,2022-09-17,2203.37,CREDIT,Singapore
TXN001319,ACC0095,2022-09-11,2312.12,CREDIT,England
TXN001320,ACC0095,2023-08-12,4595.97,DEBIT,India
TXN001321,ACC0095,2023-09-15,2263.97,DEBIT,USA
TXN001322,ACC0095,2023-07-15,4689.83,DEBIT,India
TXN001323,ACC0095,2023-01-20,1624.07,DEBIT,USA
TXN001324,ACC0095,2023-03-02,2955.67,DEBIT,India
TXN001325,ACC0095,2022-02-23,1257.91,DEBIT,UAE
TXN001326,ACC0095,2022-03-29,26041.4,CREDIT,UAE
TXN001327,ACC0095,2022-11-29,435.68,CREDIT,UAE
TXN001328,ACC0095,2023-04-30,3064.24,DEBIT,India
TXN001329,ACC0096,2022-12-26,229.09,DEBIT,England
TXN001330,ACC0096,2023-07-04,4357.81,DEBIT,USA
TXN001331,ACC0096,2022-04-29,902.55,DEBIT,India
TXN001332,ACC0096,2022-10-13,1554.5,CREDIT,England
TXN001333,ACC0096,2023-09-04,911.67,DEBIT,USA
TXN001334,ACC0096,2021-12-05,3116.58,CREDIT,Canada
TXN001335,ACC0096,2023-03-16,2493.16,CREDIT,Bangladesh
TXN001336,ACC0096,2021-12-07,3043.84,CREDIT,USA
TXN001337,ACC0096,2022-07-12,2948.42,CREDIT,India
TXN001338,ACC0096,2023-01-25,2214.96,DEBIT,USA
TXN001339,ACC0096,2023-06-15,1397.78,DEBIT,Canada
TXN001340,ACC0096,2022-06-09,749.8,CREDIT,Canada
TXN001341,ACC0096,2022-04-29,4270.61,CREDIT,England
TXN001342,ACC0096,2022-03-01,254.67,CREDIT,USA
TXN001343,ACC0096,2022-05-16,3363.73,DEBIT,India
TXN001344,ACC0096,2023-07-17,1807.34,DEBIT,Canada
TXN001345,ACC0096,2022-10-04,1620.88,CREDIT,Singapore
TXN001346,ACC0096,2022-02-09,3794.63,DEBIT,England
TXN001347,ACC0096,2023-03-29,681.38,CREDIT,England
TXN001348,ACC0096,2023-05-25,2074.65,DEBIT,UAE
TXN001349,ACC0096,2022-07-04,3064.15,DEBIT,Bangladesh
TXN001350,ACC0096,2023-09-07,2649.44,DEBIT,India
TXN001351,ACC0097,2023-12-11,2141.0,CREDIT,England
TXN001352,ACC0097,2024-08-11,2879.96,CREDIT,USA
TXN001353,ACC0097,2024-11-10,2817.55,CREDIT,India
TXN001354,ACC0097,2023-08-23,4419.48,DEBIT,UAE
TXN001355,ACC0097,2023-12-14,4896.5,DEBIT,Canada
TXN001356,ACC0097,2023-03-16,2329.78,DEBIT,UAE
TXN001357,ACC0097,2023-09-20,3999.83,CREDIT,India
TXN001358,ACC0097,2023-04-07,1675.62,DEBIT,Canada
TXN001359,ACC0097,2024-12-06,1013.92,CREDIT,England
TXN001360,ACC0097,2023-04-30,1545.79,CREDIT,Singapore
TXN001361,ACC0097,2023-02-26,578.05,CREDIT,England
TXN001362,ACC0097,2024-03-31,3624.74,DEBIT,Singapore
TXN001363,ACC0097,2023-08-18,978.14,CREDIT,UAE
TXN001364,ACC0097,2024-06-24,4581.65,DEBIT,UAE
TXN001365,ACC0097,2023-07-09,2412.66,CREDIT,Singapore
TXN001366,ACC0097,2024-08-22,4480.68,CREDIT,Singapore
TXN001367,ACC0097,2024-04-18,4639.67,DEBIT,Singapore
TXN001368,ACC0097,2024-08-06,1503.73,CREDIT,Bangladesh
TXN001369,ACC0097,2024-08-21,103.4,CREDIT,Singapore
TXN001370,ACC0097,2024-02-17,340.4,DEBIT,England
TXN001371,ACC0097,2023-03-23,1702.37,CREDIT,UAE
TXN001372,ACC0097,2024-08-20,4213.6,CREDIT,USA
TXN001373,ACC0097,2024-10-21,593.05,CREDIT,UAE
TXN001374,ACC0097,2024-01-08,3552.1,CREDIT,India
TXN001375,ACC0098,2024-09-07,4386.47,CREDIT,India
TXN001376,ACC0098,2024-02-21,1088.54,CREDIT,USA
TXN001377,ACC0098,2023-08-10,1877.34,DEBIT,Singapore
TXN001378,ACC0098,2023-11-10,4567.64,CREDIT,Bangladesh
TXN001379,ACC0098,2023-05-13,3997.14,DEBIT,USA
TXN001380,ACC0098,2024-03-31,4618.95,CREDIT,Singapore
TXN001381,ACC0098,2024-03-18,725.04,DEBIT,Singapore
TXN001382,ACC0099,2025-02-13,4963.67,DEBIT,UAE
TXN001383,ACC0099,2023-04-30,2302.25,DEBIT,Canada
TXN001384,ACC0099,2024-02-05,4662.36,DEBIT,England
TXN001385,ACC0099,2024-07-14,4447.04,DEBIT,Bangladesh
TXN001386,ACC0099,2025-01-26,3730.32,DEBIT,Bangladesh
TXN001387,ACC0099,2024-02-06,3197.87,DEBIT,England
TXN001388,ACC0099,2023-10-15,970.8,CREDIT,Bangladesh
TXN001389,ACC0099,2024-02-13,3866.21,DEBIT,England
TXN001390,ACC0099,2023-08-23,795.91,DEBIT,Canada
TXN001391,ACC0099,2024-12-20,2802.53,DEBIT,USA
TXN001392,ACC0099,2024-09-29,1758.09,CREDIT,England
TXN001393,ACC0099,2023-08-15,4716.96,CREDIT,Bangladesh
TXN001394,ACC0099,2023-11-29,864.66,CREDIT,Bangladesh
TXN001395,ACC0099,2024-03-04,2707.48,DEBIT,USA
TXN001396,ACC0099,2023-04-22,2358.97,DEBIT,Canada
TXN001397,ACC0099,2024-04-19,278.46,CREDIT,India
TXN001398,ACC0099,2023-09-23,3526.34,CREDIT,Bangladesh
TXN001399,ACC0099,2024-03-22,1569.08,DEBIT,UAE
TXN001400,ACC0099,2025-02-07,4048.41,DEBIT,Singapore
TXN001401,ACC0099,2024-07-12,2843.27,DEBIT,Singapore
TXN001402,ACC0099,2024-07-15,495.34,CREDIT,UAE
TXN001403,ACC0100,2025-02-13,2358.02,DEBIT,USA
TXN001404,ACC0100,2025-07-18,1297.68,CREDIT,India
TXN001405,ACC0100,2024-04-30,3501.08,CREDIT,Singapore
TXN001406,ACC0100,2024-09-22,2271.88,DEBIT,Canada
TXN001407,ACC0100,2025-02-23,573.31,CREDIT,India
TXN001408,ACC0100,2024-04-17,1418.46,CREDIT,Bangladesh
TXN001409,ACC0100,2025-06-05,645.7,DEBIT,India
TXN001410,ACC0100,2024-02-12,1636.09,DEBIT,Singapore
TXN001411,ACC0100,2024-08-30,2668.4,CREDIT,Bangladesh
TXN001412,ACC0100,2024-12-22,1200.49,DEBIT,Bangladesh
TXN001413,ACC0100,2024-04-05,4869.72,CREDIT,Canada
TXN001414,ACC0100,2024-10-08,1049.11,CREDIT,Singapore
TXN001415,ACC0100,2025-01-13,2840.38,CREDIT,Bangladesh
TXN001416,ACC0100,2024-06-23,873.7,DEBIT,UAE
TXN001417,ACC0100,2025-06-04,4185.37,DEBIT,Bangladesh
TXN001418,ACC0100,2025-06-27,2319.91,DEBIT,Singapore
TXN001419,ACC0100,2025-01-23,889.11,CREDIT,Canada
TXN001420,ACC0100,2025-06-29,552.64,CREDIT,England
TXN001421,ACC0100,2025-03-15,3228.5,DEBIT,Canada
TXN001422,ACC0100,2024-06-04,4087.0,DEBIT,Singapore
TXN001423,ACC0100,2024-03-24,3307.8,CREDIT,Bangladesh
TXN001424,ACC0100,2024-08-19,1956.01,CREDIT,USA
TXN001425,ACC0100,2024-05-23,3410.77,CREDIT,England
TXN001426,ACC0100,2025-05-31,3973.79,CREDIT,India
TXN001427,ACC0100,2024-10-12,4951.54,DEBIT,Bangladesh
TXN001428,ACC0101,2024-11-14,4239.71,CREDIT,Canada
TXN001429,ACC0101,2024-10-10,4506.37,DEBIT,Canada
TXN001430,ACC0101,2025-04-23,4105.56,CREDIT,Canada
TXN001431,ACC0101,2024-07-12,4329.74,DEBIT,India
TXN001432,ACC0101,2025-05-24,1977.4,CREDIT,UAE
TXN001433,ACC0101,2024-10-23,2036.1,CREDIT,Bangladesh
TXN001434,ACC0101,2024-05-01,3315.81,CREDIT,USA
TXN001435,ACC0101,2024-04-07,2781.55,CREDIT,Singapore
TXN001436,ACC0101,2024-11-28,779.79,DEBIT,USA
TXN001437,ACC0101,2023-10-09,368.01,DEBIT,USA
TXN001438,ACC0101,2025-02-07,3293.05,DEBIT,Canada
TXN001439,ACC0101,2024-02-15,3214.79,CREDIT,Singapore
TXN001440,ACC0101,2025-01-06,4468.98,CREDIT,Bangladesh
TXN001441,ACC0101,2024-03-30,2277.43,CREDIT,Bangladesh
TXN001442,ACC0101,2024-12-31,1929.73,DEBIT,USA
TXN001443,ACC0101,2024-12-05,3026.82,CREDIT,Singapore
TXN001444,ACC0101,2024-05-27,3563.53,CREDIT,India
TXN001445,ACC0101,2025-04-09,2886.0,DEBIT,Canada
TXN001446,ACC0101,2025-05-01,2421.51,CREDIT,Canada
TXN001447,ACC0101,2025-05-14,2412.85,DEBIT,USA
TXN001448,ACC0101,2025-03-20,4918.06,CREDIT,India
TXN001449,ACC0102,2023-12-03,2621.55,DEBIT,USA
TXN001450,ACC0102,2025-01-09,3157.01,DEBIT,UAE
TXN001451,ACC0102,2025-06-23,2700.59,CREDIT,Bangladesh
TXN001452,ACC0102,2023-11-07,4518.89,DEBIT,India
TXN001453,ACC0102,2024-12-21,2568.19,CREDIT,Bangladesh
TXN001454,ACC0102,2024-08-18,2110.87,CREDIT,England
TXN001455,ACC0102,2024-03-03,186.28,CREDIT,UAE
TXN001456,ACC0102,2025-04-13,1309.61,CREDIT,Bangladesh
TXN001457,ACC0102,2024-03-05,2868.57,CREDIT,Singapore
TXN001458,ACC0102,2025-06-14,146.22,CREDIT,Canada
TXN001459,ACC0102,2024-01-21,2532.92,CREDIT,England
TXN001460,ACC0102,2024-01-27,3082.83,CREDIT,Singapore
TXN001461,ACC0102,2024-06-03,80.87,DEBIT,Bangladesh
TXN001462,ACC0102,2024-03-10,4551.56,DEBIT,UAE
TXN001463,ACC0102,2024-12-14,1855.14,DEBIT,England
TXN001464,ACC0102,2024-05-12,2429.74,DEBIT,England
TXN001465,ACC0102,2023-12-09,4837.05,DEBIT,Singapore
TXN001466,ACC0102,2025-02-02,3766.28,CREDIT,Singapore
TXN001467,ACC0102,2024-10-10,1197.36,CREDIT,UAE
TXN001468,ACC0102,2025-06-27,844.74,CREDIT,Canada
TXN001469,ACC0102,2025-07-02,1329.33,DEBIT,Canada
TXN001470,ACC0103,2023-12-23,1999.74,CREDIT,India
TXN001471,ACC0103,2024-03-02,1175.97,CREDIT,India
TXN001472,ACC0103,2023-05-30,734.3,CREDIT,Canada
TXN001473,ACC0103,2023-06-26,4636.84,CREDIT,India
TXN001474,ACC0103,2024-07-29,1585.29,DEBIT,Canada
TXN001475,ACC0103,2024-03-01,3190.75,CREDIT,Bangladesh
TXN001476,ACC0103,2024-07-02,4293.19,CREDIT,England
TXN001477,ACC0103,2023-06-04,4013.56,CREDIT,UAE
TXN001478,ACC0103,2024-04-24,1961.86,DEBIT,UAE
TXN001479,ACC0103,2024-07-23,2947.73,DEBIT,Bangladesh
TXN001480,ACC0104,2024-08-04,3454.49,DEBIT,England
TXN001481,ACC0104,2024-03-24,62.78,DEBIT,Singapore
TXN001482,ACC0104,2022-11-19,69.69,DEBIT,Bangladesh
TXN001483,ACC0104,2022-12-26,3430.64,CREDIT,USA
TXN001484,ACC0104,2023-06-28,1266.96,DEBIT,Canada
TXN001485,ACC0104,2024-06-06,468.79,DEBIT,Bangladesh
TXN001486,ACC0104,2024-06-25,617.73,DEBIT,Canada
TXN001487,ACC0104,2024-05-22,658.24,DEBIT,Canada
TXN001488,ACC0104,2023-03-18,1274.15,CREDIT,UAE
TXN001489,ACC0104,2022-11-27,3197.51,CREDIT,Singapore
TXN001490,ACC0104,2023-11-22,3464.19,CREDIT,England
TXN001491,ACC0104,2023-02-23,3905.85,CREDIT,Singapore
TXN001492,ACC0104,2022-11-13,1920.17,CREDIT,Canada
TXN001493,ACC0104,2023-06-02,4778.47,CREDIT,USA
TXN001494,ACC0104,2023-12-06,356.3,DEBIT,Bangladesh
TXN001495,ACC0105,2023-02-19,3230.96,DEBIT,USA
TXN001496,ACC0105,2024-02-25,3845.85,DEBIT,Bangladesh
TXN001497,ACC0105,2024-06-09,540.19,CREDIT,UAE
TXN001498,ACC0105,2023-05-13,525.4,DEBIT,Canada
TXN001499,ACC0105,2024-03-28,3640.45,CREDIT,Canada
TXN001500,ACC0105,2024-01-12,752.78,DEBIT,Canada
TXN001501,ACC0105,2024-07-01,1958.51,DEBIT,UAE
TXN001502,ACC0105,2023-07-24,4524.04,DEBIT,Bangladesh
TXN001503,ACC0105,2024-01-05,2395.92,CREDIT,Singapore
TXN001504,ACC0105,2022-10-31,2705.24,DEBIT,India
TXN001505,ACC0105,2023-12-27,614.81,CREDIT,England
TXN001506,ACC0105,2024-07-19,1521.11,DEBIT,UAE
TXN001507,ACC0105,2024-06-13,462.43,CREDIT,Canada
TXN001508,ACC0105,2023-12-04,3804.66,CREDIT,UAE
TXN001509,ACC0105,2023-03-16,891.33,DEBIT,India
TXN001510,ACC0105,2024-06-27,963.11,CREDIT,Canada
TXN001511,ACC0105,2024-05-27,3447.32,CREDIT,Canada
TXN001512,ACC0106,2024-12-27,3679.27,DEBIT,Canada
TXN001513,ACC0106,2024-04-20,136.57,DEBIT,India
TXN001514,ACC0106,2024-11-07,324.33,CREDIT,India
TXN001515,ACC0106,2025-04-04,4825.12,CREDIT,Canada
TXN001516,ACC0106,2023-11-12,1703.03,CREDIT,Singapore
TXN001517,ACC0106,2023-11-18,2033.48,DEBIT,Singapore
TXN001518,ACC0106,2025-08-05,3339.91,CREDIT,UAE
TXN001519,ACC0106,2025-04-07,753.28,DEBIT,Canada
TXN001520,ACC0106,2023-11-12,3679.94,CREDIT,UAE
TXN001521,ACC0106,2023-10-25,2361.39,DEBIT,USA
TXN001522,ACC0106,2025-07-31,661.38,DEBIT,UAE
TXN001523,ACC0106,2023-11-26,4524.27,DEBIT,India
TXN001524,ACC0106,2025-06-22,861.74,DEBIT,Singapore
TXN001525,ACC0106,2024-01-22,579.76,DEBIT,Canada
TXN001526,ACC0106,2024-04-30,2136.8,CREDIT,England
TXN001527,ACC0106,2024-02-06,4879.51,DEBIT,England
TXN001528,ACC0106,2024-05-11,3823.5,DEBIT,England
TXN001529,ACC0106,2023-12-09,612.52,DEBIT,Singapore
TXN001530,ACC0106,2024-12-04,848.57,CREDIT,Bangladesh
TXN001531,ACC0106,2024-03-22,2198.92,DEBIT,USA
TXN001532,ACC0106,2024-01-16,3957.35,CREDIT,Singapore
TXN001533,ACC0106,2024-03-15,88.0,CREDIT,Canada
TXN001534,ACC0106,2023-10-12,46.05,DEBIT,UAE
TXN001535,ACC0106,2025-08-03,2972.72,CREDIT,India
TXN001536,ACC0106,2025-02-04,3464.87,DEBIT,USA
TXN001537,ACC0107,2024-08-02,2620.2,CREDIT,USA
TXN001538,ACC0107,2024-04-25,3056.58,DEBIT,Bangladesh
TXN001539,ACC0107,2024-05-01,3588.82,DEBIT,UAE
TXN001540,ACC0107,2024-09-02,1745.79,DEBIT,Bangladesh
TXN001541,ACC0107,2024-06-27,967.6,DEBIT,Bangladesh
TXN001542,ACC0107,2024-11-03,4315.03,DEBIT,India
TXN001543,ACC0107,2025-08-01,3300.04,CREDIT,Canada
TXN001544,ACC0107,2024-05-15,572.27,DEBIT,UAE
TXN001545,ACC0107,2025-02-26,2492.6,DEBIT,UAE
TXN001546,ACC0107,2023-12-13,279.6,CREDIT,England
TXN001547,ACC0107,2024-05-31,2179.01,CREDIT,Bangladesh
TXN001548,ACC0107,2025-02-05,226.15,DEBIT,Bangladesh
TXN001549,ACC0107,2024-04-27,798.65,DEBIT,India
TXN001550,ACC0107,2025-04-09,589.16,DEBIT,UAE
TXN001551,ACC0107,2025-01-27,2967.61,CREDIT,India
TXN001552,ACC0107,2024-05-20,3737.96,CREDIT,USA
TXN001553,ACC0107,2024-02-19,1637.4,DEBIT,USA
TXN001554,ACC0107,2024-12-25,4350.73,CREDIT,USA
TXN001555,ACC0107,2024-01-13,2360.24,CREDIT,Canada
TXN001556,ACC0107,2025-01-18,733.26,CREDIT,USA
TXN001557,ACC0107,2024-11-29,1873.69,CREDIT,UAE
TXN001558,ACC0107,2024-05-15,3163.79,CREDIT,USA
TXN001559,ACC0107,2024-10-07,644.79,DEBIT,England
TXN001560,ACC0107,2024-03-17,564.44,CREDIT,India
TXN001561,ACC0107,2024-12-31,864.29,CREDIT,USA
TXN001562,ACC0108,2025-06-20,792.37,DEBIT,Bangladesh
TXN001563,ACC0108,2025-04-29,4276.47,DEBIT,India
TXN001564,ACC0108,2025-03-28,2451.17,DEBIT,Bangladesh
TXN001565,ACC0108,2025-02-06,4186.58,CREDIT,Canada
TXN001566,ACC0108,2024-12-22,3683.53,DEBIT,USA
TXN001567,ACC0108,2024-09-10,2176.9,DEBIT,Bangladesh
TXN001568,ACC0108,2024-03-11,4569.64,DEBIT,India
TXN001569,ACC0108,2023-11-25,209.89,CREDIT,UAE
TXN001570,ACC0108,2025-03-10,177.77,CREDIT,India
TXN001571,ACC0108,2024-01-19,2267.68,DEBIT,Canada
TXN001572,ACC0108,2025-05-04,3767.86,CREDIT,USA
TXN001573,ACC0108,2024-02-23,1798.44,DEBIT,UAE
TXN001574,ACC0108,2024-01-11,89.49,CREDIT,USA
TXN001575,ACC0108,2025-01-23,4291.03,DEBIT,India
TXN001576,ACC0109,2022-07-13,4372.25,CREDIT,USA
TXN001577,ACC0109,2023-03-08,3137.79,DEBIT,Singapore
TXN001578,ACC0109,2023-11-26,362.79,CREDIT,Bangladesh
TXN001579,ACC0109,2022-03-27,1489.98,CREDIT,UAE
TXN001580,ACC0109,2023-11-11,2716.75,DEBIT,Singapore
TXN001581,ACC0109,2022-05-15,3106.07,CREDIT,UAE
TXN001582,ACC0109,2022-04-19,2578.54,CREDIT,Canada
TXN001583,ACC0109,2022-06-15,1920.95,CREDIT,Bangladesh
TXN001584,ACC0109,2022-04-04,1834.2,DEBIT,UAE
TXN001585,ACC0109,2023-09-17,3527.32,DEBIT,USA
TXN001586,ACC0109,2023-01-30,1200.78,DEBIT,UAE
TXN001587,ACC0109,2023-06-26,3689.53,DEBIT,Singapore
TXN001588,ACC0109,2022-10-10,1609.11,CREDIT,Bangladesh
TXN001589,ACC0109,2024-01-19,2120.42,DEBIT,Canada
TXN001590,ACC0109,2023-03-10,1732.68,CREDIT,Bangladesh
TXN001591,ACC0109,2023-08-15,4149.5,CREDIT,UAE
TXN001592,ACC0109,2023-08-20,3394.76,CREDIT,India
TXN001593,ACC0109,2023-11-19,1847.05,DEBIT,USA
TXN001594,ACC0109,2023-06-05,445.67,CREDIT,USA
TXN001595,ACC0110,2022-06-05,555.73,CREDIT,Canada
TXN001596,ACC0110,2022-08-17,2486.68,DEBIT,Bangladesh
TXN001597,ACC0110,2023-12-21,123.22,CREDIT,UAE
TXN001598,ACC0110,2023-09-24,4659.29,CREDIT,England
TXN001599,ACC0110,2023-05-23,2224.86,DEBIT,England
TXN001600,ACC0110,2022-09-28,324.12,DEBIT,Singapore
TXN001601,ACC0110,2023-09-02,3226.91,CREDIT,Bangladesh
TXN001602,ACC0110,2023-03-05,3282.24,CREDIT,India
TXN001603,ACC0110,2023-11-16,3332.62,CREDIT,India
TXN001604,ACC0110,2023-01-24,2840.59,CREDIT,USA
TXN001605,ACC0110,2022-12-10,1141.64,CREDIT,England
TXN001606,ACC0110,2022-05-06,750.21,CREDIT,India
TXN001607,ACC0110,2022-09-05,3096.96,DEBIT,UAE
TXN001608,ACC0110,2023-09-18,1433.38,DEBIT,Singapore
TXN001609,ACC0111,2024-01-02,1197.15,DEBIT,England
TXN001610,ACC0111,2025-02-28,641.1,CREDIT,England
TXN001611,ACC0111,2024-01-25,1033.73,DEBIT,UAE
TXN001612,ACC0111,2024-06-09,4890.33,DEBIT,England
TXN001613,ACC0111,2024-10-22,2703.93,DEBIT,Bangladesh
TXN001614,ACC0111,2024-05-24,616.24,DEBIT,India
TXN001615,ACC0111,2024-12-13,3844.91,CREDIT,England
TXN001616,ACC0111,2023-12-27,31.43,CREDIT,UAE
TXN001617,ACC0111,2024-05-18,2374.81,CREDIT,Singapore
TXN001618,ACC0112,2025-06-21,743.95,CREDIT,England
TXN001619,ACC0112,2023-12-02,3660.89,DEBIT,USA
TXN001620,ACC0112,2025-07-03,2759.29,CREDIT,Canada
TXN001621,ACC0112,2024-09-23,3091.43,DEBIT,India
TXN001622,ACC0112,2024-08-08,471.48,DEBIT,Bangladesh
TXN001623,ACC0112,2025-05-26,983.8,DEBIT,Singapore
TXN001624,ACC0112,2024-05-19,986.62,DEBIT,Bangladesh
TXN001625,ACC0112,2024-11-07,3388.55,DEBIT,Bangladesh
TXN001626,ACC0112,2024-09-15,980.31,CREDIT,Bangladesh
TXN001627,ACC0112,2025-04-19,2562.66,DEBIT,UAE
TXN001628,ACC0112,2024-08-12,1993.81,CREDIT,England
TXN001629,ACC0112,2024-09-07,1870.43,CREDIT,England
TXN001630,ACC0112,2024-08-02,1547.35,CREDIT,Singapore
TXN001631,ACC0112,2025-03-05,447.12,CREDIT,UAE
TXN001632,ACC0112,2024-10-07,4020.39,CREDIT,USA
TXN001633,ACC0112,2024-10-16,3645.74,CREDIT,USA
TXN001634,ACC0112,2025-04-01,2993.7,DEBIT,USA
TXN001635,ACC0112,2024-06-14,2378.32,CREDIT,Canada
TXN001636,ACC0112,2025-04-04,3783.01,DEBIT,Canada
TXN001637,ACC0112,2024-10-01,3197.64,CREDIT,India
TXN001638,ACC0112,2024-02-04,2783.51,DEBIT,
TXN001639,ACC0112,2024-02-15,4163.1,CREDIT,Bangladesh
TXN001640,ACC0112,2024-12-23,220.74,CREDIT,Singapore
TXN001641,ACC0113,2022-10-17,2475.56,CREDIT,USA
TXN001642,ACC0113,2022-01-06,3958.19,DEBIT,England
TXN001643,ACC0113,2022-10-13,4780.57,CREDIT,Canada
TXN001644,ACC0113,2023-10-10,3332.91,CREDIT,India
TXN001645,ACC0113,2022-06-11,2464.51,DEBIT,Canada
TXN001646,ACC0113,2022-04-11,3825.94,CREDIT,Canada
TXN001647,ACC0113,2023-08-15,3730.37,CREDIT,Bangladesh
TXN001648,ACC0113,2023-03-01,4343.05,CREDIT,UAE
TXN001649,ACC0113,2022-04-11,1872.28,DEBIT,Singapore
TXN001650,ACC0113,2022-09-01,822.61,DEBIT,USA
TXN001651,ACC0113,2022-11-02,2310.61,DEBIT,England
TXN001652,ACC0113,2022-05-26,273.91,CREDIT,India
TXN001653,ACC0113,2023-09-22,4561.4,CREDIT,Canada
TXN001654,ACC0113,2022-10-02,1465.4,DEBIT,Bangladesh
TXN001655,ACC0113,2022-06-26,3834.55,DEBIT,Singapore
TXN001656,ACC0113,2022-03-16,2997.82,DEBIT,Bangladesh
TXN001657,ACC0113,2022-11-05,4363.49,CREDIT,England
TXN001658,ACC0113,2022-12-16,488.21,CREDIT,Singapore
TXN001659,ACC0113,2022-05-06,74.36,CREDIT,England
TXN001660,ACC0113,2023-04-20,2065.85,DEBIT,Canada
TXN001661,ACC0113,2022-07-21,781.23,DEBIT,Singapore
TXN001662,ACC0113,2022-06-20,3977.58,DEBIT,India
TXN001663,ACC0113,2023-03-26,4581.0,DEBIT,Singapore
TXN001664,ACC0114,2021-11-20,2402.8,CREDIT,UAE
TXN001665,ACC0114,2022-11-09,703.68,CREDIT,Bangladesh
TXN001666,ACC0114,2023-04-22,3820.31,CREDIT,USA
TXN001667,ACC0114,2022-09-10,153.51,DEBIT,USA
TXN001668,ACC0114,2022-03-14,4285.51,DEBIT,UAE
TXN001669,ACC0114,2022-06-23,1544.07,DEBIT,USA
TXN001670,ACC0114,2022-01-22,2129.78,DEBIT,Canada
TXN001671,ACC0114,2021-11-22,3875.71,CREDIT,Canada
TXN001672,ACC0114,2022-05-23,548.01,DEBIT,India
TXN001673,ACC0115,2022-08-05,225.97,CREDIT,UAE
TXN001674,ACC0115,2021-11-29,3775.21,DEBIT,Bangladesh
TXN001675,ACC0115,2022-06-17,2942.14,DEBIT,USA
TXN001676,ACC0115,2023-10-06,1764.15,DEBIT,USA
TXN001677,ACC0115,2022-08-30,4744.47,CREDIT,England
TXN001678,ACC0115,2022-05-02,4277.14,DEBIT,Bangladesh
TXN001679,ACC0115,2023-06-25,351.0,DEBIT,Bangladesh
TXN001680,ACC0115,2022-06-29,3581.9,CREDIT,USA
TXN001681,ACC0116,2021-02-21,4868.16,DEBIT,USA
TXN001682,ACC0116,2022-07-18,4257.97,CREDIT,England
TXN001683,ACC0116,2022-10-13,933.78,DEBIT,USA
TXN001684,ACC0116,2022-02-15,4906.69,CREDIT,USA
TXN001685,ACC0116,2022-07-28,1145.5,DEBIT,Singapore
TXN001686,ACC0116,2022-01-04,626.84,DEBIT,Bangladesh
TXN001687,ACC0116,2021-07-06,2484.12,CREDIT,UAE
TXN001688,ACC0116,2021-12-09,2790.09,DEBIT,Canada
TXN001689,ACC0116,2022-01-18,2473.63,CREDIT,England
TXN001690,ACC0116,2022-05-30,3005.94,CREDIT,UAE
TXN001691,ACC0116,2022-05-17,1137.11,CREDIT,England
TXN001692,ACC0116,2022-05-01,952.04,DEBIT,Singapore
TXN001693,ACC0116,2022-06-19,4696.02,CREDIT,USA
TXN001694,ACC0116,2021-03-02,4993.63,CREDIT,UAE
TXN001695,ACC0116,2021-06-04,1987.89,DEBIT,Canada
TXN001696,ACC0116,2021-07-13,1980.11,DEBIT,UAE
TXN001697,ACC0116,2021-08-08,332.9,DEBIT,England
TXN001698,ACC0116,2021-09-10,2978.85,CREDIT,Canada
TXN001699,ACC0116,2021-10-13,4192.16,CREDIT,England
TXN001700,ACC0116,2022-10-05,2972.31,CREDIT,England
TXN001701,ACC0116,2022-06-19,3336.72,CREDIT,India
TXN001702,ACC0116,2022-07-25,1401.66,CREDIT,Canada
TXN001703,ACC0117,2022-01-11,2451.81,DEBIT,UAE
TXN001704,ACC0117,2021-09-14,158.32,DEBIT,Singapore
TXN001705,ACC0117,2021-07-08,2495.69,DEBIT,USA
TXN001706,ACC0117,2022-05-26,3026.87,CREDIT,USA
TXN001707,ACC0117,2022-03-06,3113.61,DEBIT,Singapore
TXN001708,ACC0117,2021-07-17,3308.79,CREDIT,Singapore
TXN001709,ACC0117,2022-08-20,1017.64,CREDIT,India
TXN001710,ACC0117,2022-09-28,35065.09,CREDIT,Singapore
TXN001711,ACC0118,2024-05-07,98.18,DEBIT,India
TXN001712,ACC0118,2023-02-24,1924.31,CREDIT,Singapore
TXN001713,ACC0118,2023-11-15,2218.36,DEBIT,Canada
TXN001714,ACC0118,2023-04-25,2787.77,CREDIT,UAE
TXN001715,ACC0118,2023-04-12,2462.48,DEBIT,England
TXN001716,ACC0118,2023-11-28,2442.4,DEBIT,Bangladesh
TXN001717,ACC0118,2024-09-16,2457.86,CREDIT,India
TXN001718,ACC0118,2024-05-23,4273.21,DEBIT,India
TXN001719,ACC0118,2023-07-22,2478.51,CREDIT,Bangladesh
TXN001720,ACC0118,2024-09-17,1770.29,CREDIT,England
TXN001721,ACC0118,2022-12-27,150.45,DEBIT,USA
TXN001722,ACC0118,2023-11-05,1750.9,DEBIT,Singapore
TXN001723,ACC0118,2024-07-27,1712.87,DEBIT,India
TXN001724,ACC0118,2023-10-14,4959.81,CREDIT,England
TXN001725,ACC0118,2022-12-22,3309.59,DEBIT,USA
TXN001726,ACC0118,2024-08-19,1567.38,DEBIT,UAE
TXN001727,ACC0118,2023-01-01,4346.01,DEBIT,England
TXN001728,ACC0118,2023-04-17,108.36,CREDIT,Canada
TXN001729,ACC0118,2024-02-09,3292.26,CREDIT,Bangladesh
TXN001730,ACC0118,2024-04-05,4508.04,CREDIT,Canada
TXN001731,ACC0118,2024-02-18,2944.07,CREDIT,India
TXN001732,ACC0118,2024-06-01,1957.6,DEBIT,Singapore
TXN001733,ACC0119,2023-01-13,3457.41,DEBIT,England
TXN001734,ACC0119,2024-02-23,2518.81,CREDIT,USA
TXN001735,ACC0119,2024-06-23,1504.61,CREDIT,USA
TXN001736,ACC0119,2024-02-23,3180.87,DEBIT,Singapore
TXN001737,ACC0119,2024-04-03,1078.26,CREDIT,Canada
TXN001738,ACC0119,2023-08-03,4981.18,CREDIT,Singapore
TXN001739,ACC0119,2023-05-22,3126.62,DEBIT,UAE
TXN001740,ACC0119,2024-05-17,482.72,CREDIT,England
TXN001741,ACC0119,2022-12-10,2836.48,CREDIT,India
TXN001742,ACC0119,2023-05-05,1743.11,DEBIT,UAE
TXN001743,ACC0119,2023-08-08,2528.15,CREDIT,India
TXN001744,ACC0119,2024-08-12,2704.34,DEBIT,India
TXN001745,ACC0119,2023-11-18,1263.81,CREDIT,UAE
TXN001746,ACC0119,2024-04-15,911.2,DEBIT,UAE
TXN001747,ACC0119,2024-03-14,4314.92,CREDIT,USA
TXN001748,ACC0119,2024-08-09,4810.96,CREDIT,England
TXN001749,ACC0119,2024-07-17,2668.27,CREDIT,Bangladesh
TXN001750,ACC0119,2024-07-05,308.81,DEBIT,England
TXN001751,ACC0119,2024-01-19,747.24,DEBIT,UAE
TXN001752,ACC0119,2023-08-06,4222.17,CREDIT,England
TXN001753,ACC0120,2024-08-12,1025.75,CREDIT,England
TXN001754,ACC0120,2023-08-22,3233.75,CREDIT,UAE
TXN001755,ACC0120,2024-07-09,1188.29,DEBIT,Canada
TXN001756,ACC0120,2023-04-04,967.66,DEBIT,Singapore
TXN001757,ACC0120,2023-09-15,2326.16,CREDIT,India
TXN001758,ACC0120,2024-08-25,4529.22,DEBIT,USA
TXN001759,ACC0120,2023-08-08,690.79,CREDIT,Singapore
TXN001760,ACC0121,2024-12-03,2758.02,DEBIT,UAE
TXN001761,ACC0121,2024-06-09,3913.35,DEBIT,Singapore
TXN001762,ACC0121,2023-04-24,1576.38,CREDIT,Singapore
TXN001763,ACC0121,2023-04-04,4503.87,CREDIT,England
TXN001764,ACC0121,2024-12-16,3290.58,DEBIT,India
TXN001765,ACC0121,2023-06-21,1187.85,DEBIT,Bangladesh
TXN001766,ACC0121,2024-12-09,4146.62,CREDIT,India
TXN001767,ACC0121,2023-05-01,1198.0,DEBIT,Singapore
TXN001768,ACC0121,2023-12-15,1653.14,CREDIT,Singapore
TXN001769,ACC0121,2023-09-27,4678.15,DEBIT,USA
TXN001770,ACC0121,2023-05-18,884.02,CREDIT,India
TXN001771,ACC0121,2024-03-22,1278.99,DEBIT,India
TXN001772,ACC0121,2024-07-28,1879.78,DEBIT,England
TXN001773,ACC0122,2024-03-06,2379.52,DEBIT,England
TXN001774,ACC0122,2023-05-26,1821.36,CREDIT,Singapore
TXN001775,ACC0122,2023-11-09,115.16,DEBIT,Singapore
TXN001776,ACC0122,2024-11-06,3996.72,DEBIT,UAE
TXN001777,ACC0122,2024-11-15,1205.98,CREDIT,England
TXN001778,ACC0122,2024-10-13,4792.83,CREDIT,Singapore
TXN001779,ACC0122,2023-05-02,2679.2,DEBIT,Singapore
TXN001780,ACC0122,2024-03-26,1948.47,CREDIT,England
TXN001781,ACC0122,2023-11-02,460.35,DEBIT,England
TXN001782,ACC0122,2023-08-01,4298.49,DEBIT,India
TXN001783,ACC0122,2024-10-05,1592.75,CREDIT,Singapore
TXN001784,ACC0122,2023-02-01,1377.44,DEBIT,Singapore
TXN001785,ACC0122,2024-05-15,2360.75,CREDIT,Singapore
TXN001786,ACC0122,2023-12-04,3589.76,DEBIT,Singapore
TXN001787,ACC0122,2023-06-11,3495.43,DEBIT,England
TXN001788,ACC0122,2024-03-03,3014.56,CREDIT,India
TXN001789,ACC0122,2023-01-26,3812.26,DEBIT,UAE
TXN001790,ACC0122,2024-03-27,3957.19,DEBIT,Canada
TXN001791,ACC0122,2024-02-12,1008.38,CREDIT,England
TXN001792,ACC0122,2024-08-09,420.34,DEBIT,USA
TXN001793,ACC0122,2024-06-09,3570.68,DEBIT,Singapore
TXN001794,ACC0122,2024-08-28,3431.91,CREDIT,India
TXN000980,ACC0070,2024-09-10,4179.97,DEBIT,
TXN001789,ACC0122,2023-01-26,3812.26,DEBIT,UAE
TXN001506,ACC0105,2024-07-19,1521.11,DEBIT,UAE
TXN000274,ACC0018,2024-01-08,1683.1,DEBIT,USA
TXN000534,ACC0039,2024-01-07,844.36,CREDIT,India
TXN000356,ACC0024,2023-06-25,712.98,DEBIT,England
TXN001408,ACC0100,2024-04-17,1418.46,CREDIT,Bangladesh
TXN001215,ACC0086,2025-08-08,4183.13,CREDIT,Bangladesh
TXN001694,ACC0116,2021-03-02,4993.63,CREDIT,UAE
TXN000671,ACC0048,2023-08-03,2364.11,CREDIT,USA
